mp-2230827,2.0152
mp-555568,4.2665
mp-1234710,2.1464
mp-1522207,2.2549
mp-2713969,2.7721
mp-680181,0.6956999999999991
mp-12306,2.196399999999999
mp-1034935,4.181799999999999
mp-1179551,2.776399999999999
mp-1192304,0.7245
mp-2716070,2.5731
mp-770653,2.8649
mp-2468774,1.0373
mp-1195934,4.0703
mp-2716249,2.9901
mp-1219619,2.4697
mp-2715397,2.1506
mp-19005,3.4343
mp-767194,2.178499999999999
mp-758960,1.5208
mp-1337169,1.1054
mp-776637,3.7784
mp-676979,3.2698
mp-766131,2.3556
mp-1031191,4.566
mp-780402,2.8259
mp-626566,2.7271
mp-1445473,3.1705
mp-1038517,1.885699999999999
mp-2240119,1.4898
mp-551741,3.6466
mp-777593,0.9586999999999992
mp-1213324,3.4158
mp-2714864,1.6296
mp-1194684,0.0676
mp-763292,0.6120999999999991
mp-1193673,2.3949
mp-1197017,1.380199999999999
mp-15900,1.2847
mp-772206,2.2891999999999992
mp-1223572,1.7769
mp-2715561,2.7047
mp-722315,3.519
mp-1046426,1.783399999999999
mp-1234416,0.5829
mp-760102,2.0157
mp-2713696,1.4536
mp-1027714,0.650799999999999
mp-2716342,2.1228
mp-764817,3.429299999999999
mp-11659,2.387699999999999
mp-779470,0.045499999999999
mp-1208379,0.090799999999999
mp-777890,2.0712
mp-2219878,1.515
mp-624769,2.5304
mp-1522241,2.8321
mp-1212264,2.6546000000000003
mp-758414,0.0663
mp-864638,1.452899999999999
mp-727445,0.117599999999999
mp-1193110,4.558
mp-1032964,0.124199999999999
mp-1225647,0.0872
mp-684066,0.160199999999999
mp-774656,2.277199999999999
mp-1226846,0.290499999999999
mp-753980,1.1397
mp-1374543,1.688699999999999
mp-2712752,1.811299999999999
mp-1224211,1.625299999999999
mp-1190181,2.9354
mp-758996,5.016999999999999
mp-6285,2.254299999999999
mp-756536,0.7330999999999991
mp-1037359,2.092199999999999
mp-12457,1.693699999999999
mp-1223042,3.5503
mp-555253,1.5072
mp-1197890,0.0393
mp-781646,3.135299999999999
mp-1042974,2.1449
mp-2712771,2.1629
mp-1314855,0.8437999999999991
mp-1216187,0.478099999999999
mp-1247544,0.018299999999999
mp-1408708,1.3952
mp-2229435,1.2352
mp-29091,1.4256
mp-1103830,0.422399999999999
mp-866943,1.641899999999999
mp-2714345,2.8225
mp-1047770,0.927199999999999
mp-23572,2.3782
mp-2713239,1.7982
mp-1215762,2.5763
mp-625838,1.3829
mp-683991,0.4651
mp-1173582,2.1881
mp-740740,4.3267
mp-2713060,2.5574
mp-18757,3.3149
mp-767771,2.1492
mp-1195712,4.039
mp-1228522,3.5602
mp-1189200,1.7568
mp-1369951,1.1277
mp-1235974,0.280499999999999
mp-768725,2.7154
mp-1218773,1.005499999999999
mp-1044764,2.5269
mp-1397656,1.3193
mp-777129,3.3487
mp-542317,2.0582
mp-1314918,0.2105
mp-42599,2.8506
mp-1104352,2.8646000000000003
mp-1018639,1.0452
mp-15275,0.0373
mp-1523297,2.781499999999999
mp-1013730,1.9570999999999992
mp-2714002,1.174099999999999
mp-1042689,1.5783
mp-1047105,1.9675
mp-776341,1.1303
mp-2714537,3.2893
mp-2716559,1.7417
mp-2712695,2.3089
mp-756075,1.6336
mp-757504,2.652799999999999
mp-733509,3.2593
mp-2714563,2.6275
mp-685281,3.095799999999999
mp-777376,1.3658
mp-1043537,3.4437
mp-825726,1.6296
mp-754620,0.063399999999999
mp-1046270,1.8582
mp-2646936,0.136
mp-1227270,2.6081
mp-2712694,3.484199999999999
mp-5373,2.7208
mp-770885,2.3432
mp-756599,3.2744
mp-1408168,2.9267000000000003
mp-2714847,1.1925
mp-1228348,2.2084
mp-2714949,3.417
mp-774732,1.4685
mp-2216003,2.0689
mp-1147732,2.6636
mp-1220931,2.497499999999999
mp-1028755,0.0028
mp-557059,1.4729
mp-12843,1.7908
mp-1211349,4.1493
mp-22052,1.1222
mp-1195451,0.1976
mp-624191,0.6137
mp-1044743,2.0064
mp-1120796,2.709699999999999
mp-755603,2.864
mp-756294,3.7999
mp-541956,3.0409
mp-776330,0.008699999999999
mp-756027,2.2557
mp-768939,2.3571
mp-1244685,1.052799999999999
mp-1215088,0.7518
mp-1238900,0.032599999999999
mp-1215793,1.3234
mp-1094107,2.1599
mp-1204676,2.1038
mp-1263670,3.676199999999999
mp-1044309,1.431699999999999
mp-1027492,0.6666000000000001
mp-768489,3.950699999999999
mp-770923,2.9721
mp-1046180,2.34
mp-1211622,4.5182
mp-2716227,2.383199999999999
mp-782664,1.8237
mp-766515,4.2492
mp-2223674,0.9663
mp-1037585,1.8216
mp-3200,2.508
mp-1222378,2.0237
mp-1047226,0.523799999999999
mp-13982,0.388499999999999
mp-2716273,2.3899
mp-1218782,1.553099999999999
mp-1096868,2.0817
mp-17561,2.0203
mp-1519244,2.825799999999999
mp-1245098,2.6007
mp-752579,3.2759
mp-2218345,1.4509
mp-1337096,2.471
mp-1260235,2.4696
mp-2715737,1.9467
mp-759589,0.411599999999999
mp-553970,2.0049
mp-1516192,0.213999999999999
mp-1233179,2.3238
mp-1518915,0.057
mp-1147606,2.680799999999999
mp-1147725,2.6555
mp-1041048,1.6989
mp-1227253,0.0593
mp-2715976,1.1241
mp-1235187,0.9247999999999992
mp-1234141,1.7931
mp-1520270,2.8268
mp-1201631,0.5487000000000001
mp-1100329,0.111
mp-23041,1.6276000000000002
mp-757326,1.1595
mp-818655,0.3005
mp-1221349,0.305
mp-1222435,2.721899999999999
mp-2712673,1.5063
mp-42091,3.9145
mp-1233918,0.2904
mp-766382,0.8577
mp-19443,1.1503
mp-676988,2.646599999999999
mp-1385224,1.098799999999999
mp-1204821,3.9336
mp-1222070,2.4111
mp-1516962,2.849
mp-2229744,0.0735
mp-676611,0.9447
mp-1191872,1.9545
mp-772797,0.5627
mp-24313,4.505800000000001
mp-1223398,2.4827
mp-2715819,1.2208
mp-1219633,1.6672
mp-1035770,0.142599999999999
mp-2716502,2.6024000000000003
mp-2230244,2.091599999999999
mp-2206511,1.091899999999999
mp-555311,2.0305
mp-2712874,1.5165000000000002
mp-430,2.2317
mp-1247017,0.279499999999999
mp-770456,2.4265
mp-1235640,1.3528
mp-1208924,1.0792
mp-768320,2.0046
mp-1030333,0.060599999999999
mp-1029063,0.185999999999999
mp-1101366,0.077499999999999
mp-1045361,3.0212
mp-504650,1.5012999999999992
mp-1047596,1.614999999999999
mp-1080163,0.5603
mp-761140,2.5201
mp-1228588,2.5979
mp-1041870,0.4372
mp-560441,3.3014
mp-17288,4.022
mp-2713108,1.615999999999999
mp-1228581,3.6266
mp-541379,1.4139
mp-756572,1.389999999999999
mp-1037199,0.631899999999999
mp-2014814,0.9229
mp-1216808,1.6732
mp-1210016,0.000199999999999
mp-1199396,2.7683
mp-1228245,2.8881
mp-1228110,3.081699999999999
mp-1306478,1.347999999999999
mp-3614,2.0995
mp-2712963,2.0499
mp-1035709,1.037799999999999
mp-2226801,0.988
mp-1519439,1.8049
mp-1042540,2.7884
mp-758364,3.948699999999999
mp-1041822,0.115199999999999
mp-2715700,2.0905
mp-1047547,0.196499999999999
mp-1205663,1.8689
mp-29295,1.0677
mp-699488,0.1522
mp-1045059,1.2114
mp-4194,0.0344
mp-1221971,2.2668
mp-2713859,4.0034
mp-2714787,1.9518
mp-770795,0.762899999999999
mp-5388,2.7258
mp-754318,1.7946
mp-1209910,4.0407
mp-1044783,2.3411
mp-2230313,2.5937
mp-2228537,1.523299999999999
mp-1097021,0.0436
mp-1031659,0.1385
mp-773510,1.3891
mp-2715155,2.1257
mp-2712616,1.9646
mp-779464,0.1185
mp-760415,2.1388
mp-1216943,2.7411
mp-2715217,4.153
mp-29437,1.781
mp-758634,0.9246
mp-2715226,2.159
mp-1303832,1.230999999999999
mp-1221506,0.6257
mp-573180,0.4388
mp-2716197,1.633299999999999
mp-2218877,0.604699999999999
mp-1226842,0.173799999999999
mp-33526,1.1315
mp-573078,2.2845
mp-1643248,1.0823
mp-2712811,3.584199999999999
mp-1187872,1.1522
mp-23408,1.394499999999999
mp-1203799,2.7366
mp-554384,2.075799999999999
mp-767219,0.113199999999999
mp-1225973,1.4476
mp-555699,0.837299999999999
mp-1194437,0.139499999999999
mp-554552,3.4968
mp-24522,0.0072
mp-1504268,0.9398
mp-756432,1.7137
mp-27790,2.6235
mp-772118,0.4258
mp-775001,1.2565
mp-1211376,3.578299999999999
mp-2713983,1.8746
mp-24018,2.637399999999999
mp-1517301,0.283999999999999
mp-758707,1.072099999999999
mp-1324916,2.2433
mp-2227750,2.1868
mp-1341203,2.513699999999999
mp-743624,2.6769
mp-1147594,2.585
mp-2715945,1.2808
mp-1197486,3.9143
mp-1025743,0.008099999999999
mp-26630,2.7708
mp-770342,4.3735
mp-1043747,0.255499999999999
mp-1216023,1.1224
mp-765243,0.1646
mp-530413,1.2176
mp-1218781,1.9196
mp-1041468,1.444599999999999
mp-2229694,0.0537
mp-1037924,2.7789
mp-1195064,2.3969
mp-1218358,2.0999
mp-1202455,2.0452
mp-759345,0.1474
mp-1218076,2.6231
mp-770983,2.977
mp-1306174,1.273499999999999
mp-2486616,1.2582
mp-1236109,1.0064
mp-1276468,1.3883
mp-759307,2.1357
mp-2714956,1.8587
mp-1223346,1.589
mp-2714031,0.027499999999999
mp-1027096,0.309
mp-2228405,1.3399
mp-1030726,4.4364
mp-18084,3.050599999999999
mp-1215778,1.1883
mp-1221076,4.5618
mp-1228163,2.748599999999999
mp-2219016,1.679199999999999
mp-2716285,1.286699999999999
mp-1042328,1.8828
mp-390,2.0586
mp-755526,1.9777
mp-866827,0.459499999999999
mp-1222404,1.4793
mp-1096793,1.538599999999999
mp-1339909,0.222699999999999
mp-27754,2.333199999999999
mp-756162,1.0255
mp-1234624,0.032599999999999
mp-1182700,1.585799999999999
mp-8086,1.0572
mp-1234119,1.010399999999999
mp-1207501,0.415599999999999
mp-2716520,4.4543
mp-2714952,1.6197
mp-18332,2.3856
mp-1233370,1.3634
mp-559303,0.5156000000000001
mp-756020,0.5949
mp-1329345,1.6025
mp-626558,2.6905
mp-2716553,2.7263
mp-1027472,0.5839999999999991
mp-1201432,1.8133
mp-2229085,1.6027
mp-1228844,1.3189
mp-684872,1.5
mp-766453,0.0223
mp-541238,2.5455
mp-2715313,1.956999999999999
mp-543034,2.6456
mp-1041874,1.774099999999999
mp-2714527,2.6959
mp-757485,0.9076
mp-755645,0.343099999999999
mp-1219788,2.9822
mp-767070,2.1783
mp-643060,3.5964
mp-1237057,2.0012
mp-769487,0.9929999999999992
mp-1520136,0.5205999999999991
mp-1193656,4.544799999999999
mp-1043738,0.0236
mp-755616,2.981
mp-12368,2.6713
mp-1042146,2.3077
mp-1037352,1.9261
mp-1520298,2.2211
mp-561033,0.3266
mp-1520998,2.363999999999999
mp-1209458,0.5084000000000001
mp-2526683,2.6601
mp-1217348,1.3757
mp-756275,1.751399999999999
mp-2716178,2.6793
mp-1215777,1.6213000000000002
mp-1192612,4.2094
mp-540903,3.301599999999999
mp-1196037,3.0881
mp-643460,1.928999999999999
mp-767539,1.1435
mp-1305999,0.263999999999999
mp-572788,0.0186
mp-1047193,0.0556
mp-1228978,0.745499999999999
mp-1041763,4.0908
mp-766831,0.8330000000000001
mp-1178068,0.9709
mp-2714637,1.4485
mp-770639,3.4568
mp-1195675,1.0575
mp-2712669,1.301
mp-2713158,2.198
mp-2218758,1.7992
mp-758454,2.5984
mp-554238,0.6432000000000001
mp-559551,0.972299999999999
mp-2715256,3.914
mp-1224627,3.2727
mp-1172828,1.4645
mp-1523257,2.1104
mp-1236434,0.355699999999999
mp-554807,3.078999999999999
mp-754339,1.9194
mp-1223095,2.1281
mp-24112,5.0472
mp-1517500,0.629699999999999
mp-43114,3.1603
mp-781948,3.8676
mp-1192153,3.786799999999999
mp-1044413,0.1409
mp-1215792,0.026899999999999
mp-1104411,2.7814
mp-555626,1.300599999999999
mp-1210891,0.006099999999999
mp-686697,1.964
mp-1179542,4.4924
mp-753891,2.8427
mp-1043509,2.7874
mp-773423,1.7713
mp-1239204,1.156499999999999
mp-1234130,0.133099999999999
mp-2740498,2.596199999999999
mp-777668,0.2835
mp-2714920,2.1531
mp-1391233,2.5151
mp-757470,5.0611
mp-676483,4.237900000000001
mp-758145,0.1073
mp-1025870,0.3664
mp-1221404,1.2025
mp-752399,3.138399999999999
mp-690058,0.184199999999999
mp-768449,1.3268
mp-1518423,1.931599999999999
mp-2226442,0.2236
mp-1219697,1.6418
mp-1194540,1.8255
mp-1219914,2.0313
mp-1304450,0.304899999999999
mp-3488,2.9953000000000003
mp-2716166,2.6679
mp-1367209,1.3218
mp-850251,1.7576
mp-1522211,1.1303
mp-548609,0.098399999999999
mp-1190753,2.0744
mp-1189564,1.5916
mp-1226771,0.643199999999999
mp-614997,2.122999999999999
mp-1104220,3.1004
mp-1228438,1.753899999999999
mp-772655,0.0343
mp-2227208,2.4305
mp-866804,2.2193
mp-24004,3.0421
mp-754073,3.0518
mp-1222570,2.5627
mp-6057,1.8272
mp-1225863,1.2996
mp-2815,1.464899999999999
mp-25398,3.820599999999999
mp-2715277,3.7194
mp-19144,2.4023
mp-1173807,1.9018
mp-2226747,1.4453
mp-1195601,0.271899999999999
mp-2230573,0.072099999999999
mp-2714789,1.702399999999999
mp-780506,3.1432
mp-1227662,3.2058
mp-1220972,1.8297999999999992
mp-757980,0.240499999999999
mp-5587,2.0208
mp-1020721,2.4688
mp-3175,2.7042
mp-1198053,1.131599999999999
mp-555977,1.792399999999999
mp-1094013,1.2906
mp-1220901,2.3162000000000003
mp-1076659,0.209299999999999
mp-1043588,1.2894
mp-769953,3.9035
mp-1043309,1.580699999999998
mp-1239136,0.200499999999999
mp-1220924,2.118999999999999
mp-2714760,3.094
mp-2714438,1.7569
mp-778228,3.8025
mp-1517800,3.106
mp-1191972,4.3338
mp-1046112,1.315599999999999
mp-554673,4.9062
mp-1194436,0.6686000000000001
mp-1218529,2.8073
mp-1239128,0.188499999999999
mp-707866,3.6372
mp-1028917,0.5093999999999991
mp-1219608,1.0761
mp-690490,0.9899999999999992
mp-2715672,1.530999999999999
mp-2715753,1.557799999999999
mp-1227344,2.7906
mp-752528,3.934
mp-772783,3.303
mp-561075,1.924999999999999
mp-1201418,4.7418
mp-1176414,0.4502
mp-1221351,0.033599999999999
mp-1210738,1.8874
mp-1040964,0.161499999999999
mp-1519421,0.146799999999999
mp-2715332,2.2454
mp-1218905,2.379499999999999
mp-1193853,2.3414
mp-2713300,2.8699
mp-1047015,0.9254
mp-720204,2.9214
mp-2230152,3.0219
mp-1223709,1.8381999999999992
mp-768405,1.307499999999999
mp-775018,1.8074
mp-540763,1.387999999999999
mp-2713578,1.5062
mp-1215630,1.1071
mp-1205176,0.010099999999999
mp-1239122,0.149399999999999
mp-1239163,0.168899999999999
mp-1213195,4.6564
mp-2713001,0.410399999999999
mp-1019786,4.3815
mp-1042105,1.316999999999999
mp-560228,3.4554
mp-2713189,1.8239
mp-1199904,1.517599999999999
mp-1225113,0.024399999999999
mp-1041698,0.3405
mp-6227,4.0553
mp-555609,1.7851
mp-1023924,1.6605999999999992
mp-721702,1.9675
mp-2715926,0.945
mp-34467,1.892199999999999
mp-1221125,1.446899999999999
mp-1213863,0.720299999999999
mp-11602,1.011499999999999
mp-1027053,0.134199999999999
mp-565970,4.7286
mp-19132,2.2876
mp-707310,5.052899999999999
mp-19270,2.052199999999999
mp-756677,4.1699
mp-542567,3.3659
mp-16882,3.5481
mp-1367059,0.0618
mp-1221632,0.456899999999999
mp-757305,0.148899999999999
mp-1279759,0.0764
mp-866606,0.698399999999999
mp-778978,0.088899999999999
mp-18807,2.2367
mp-557832,2.032899999999999
mp-1027729,0.9023
mp-1284950,0.355999999999999
mp-2714601,3.620199999999999
mp-1046251,0.5225000000000001
mp-2716543,2.194
mp-1101302,1.303799999999999
mp-2716562,1.2476
mp-770752,1.7204000000000002
mp-9489,2.418
mp-23645,4.2054
mp-30947,2.3505000000000003
mp-1277050,0.123499999999999
mp-866651,2.0549
mp-1027510,0.557999999999999
mp-1519311,0.8022
mp-677027,2.440699999999999
mp-775897,1.3487
mp-1028663,0.7620999999999991
mp-2226552,0.4769
mp-752955,4.0543
mp-777498,0.049999999999999
mp-1227556,1.231099999999999
mp-2215958,2.4409
mp-559644,1.9627
mp-1025988,0.779999999999999
mp-1228355,1.9955
mp-8965,1.406299999999999
mp-1047959,3.5641
mp-1519429,2.9056
mp-675748,2.3269
mp-1215590,1.189
mp-766234,3.0026
mp-1223128,2.4667
mp-1279004,0.6662
mp-1147550,0.414
mp-774626,0.7086999999999991
mp-770152,0.6505999999999991
mp-760501,2.7831
mp-2241283,0.0644
mp-1105276,2.7632
mp-1219593,1.8522999999999992
mp-1272466,0.9348999999999992
mp-1042188,0.1281
mp-14591,1.2569
mp-1178143,1.4031
mp-1224305,2.5991
mp-1234531,0.1795
mp-1025919,0.5496999999999991
mp-1305834,1.0536
mp-1235689,0.3009
mp-1028651,0.0139
mp-18794,1.6792
mp-18829,2.3108
mp-2712961,1.5634
mp-775161,0.6239
mp-2712976,1.5099
mp-1521247,0.111299999999999
mp-1228975,0.1357
mp-1032625,4.087300000000001
mp-677628,3.2894
mp-1215409,2.0831
mp-736261,1.2198
mp-555773,2.0281
mp-2716451,1.444699999999999
mp-1217801,0.9508
mp-1041428,0.397699999999999
mp-2901430,2.9417
mp-1027140,0.6412999999999991
mp-2231018,1.5062
mp-2716078,4.391599999999999
mp-37024,2.5954
mp-1335777,1.3607
mp-1030405,0.1244
mp-1035754,2.7199
mp-1076377,0.9921999999999992
mp-1217783,2.4347
mp-1043703,2.2085
mp-1338846,1.959499999999999
mp-17495,0.1089
mp-24759,3.637
mp-1211325,2.8034
mp-866870,2.1024
mp-1027109,0.336699999999999
mp-1192531,0.9539
mp-1233227,0.4867
mp-1147695,2.7251000000000003
mp-4468,0.722699999999999
mp-753858,3.9192
mp-2714212,0.891899999999999
mp-555214,1.596
mp-559307,1.6135000000000002
mp-1198960,3.312
mp-1080192,0.0977
mp-1191443,2.1917
mp-758467,1.505199999999999
mp-1517738,2.927
mp-677288,1.7156
mp-1105323,2.6567
mp-1041585,0.1038
mp-1025922,1.307499999999999
mp-1289239,0.0044
mp-12455,1.6576
mp-756002,1.4694
mp-1025941,0.7841
mp-1195688,3.381099999999999
mp-24664,4.7564
mp-28701,1.8204
mp-2714903,1.7777
mp-756192,3.6034
mp-776599,2.6226000000000003
mp-1078780,1.216399999999999
mp-1217795,1.8761
mp-17911,2.6704
mp-2713448,2.6233
mp-887724,1.0267
mp-774736,1.6984
mp-2714943,2.2854
mp-1215615,2.1691
mp-1247707,0.459299999999999
mp-559752,3.965
mp-19369,0.2987
mp-766251,0.6163000000000001
mp-1190399,2.266499999999999
mp-1028643,0.0615
mp-1043092,3.0134
mp-558174,1.534
mp-1275839,2.3186
mp-560767,3.542
mp-1198862,3.8465
mp-1234562,0.222999999999999
mp-1516668,2.9531
mp-505166,1.2269
mp-2714995,2.6207000000000003
mp-1047613,0.290899999999999
mp-1516731,0.1386
mp-770454,2.7654
mp-1200668,0.3836
mp-1543124,0.0001
mp-555691,4.3597
mp-1223460,1.6528
mp-1202315,2.4531
mp-2713391,1.7114
mp-1520521,1.8075
mp-24196,0.792899999999999
mp-1222343,1.7135999999999991
mp-3217264,4.7792
mp-1202462,1.857899999999999
mp-2712682,2.5602
mp-28230,1.6594
mp-2714805,2.254099999999999
mp-1220902,0.000399999999999
mp-558375,0.0071
mp-774416,0.414
mp-6440,2.9385
mp-2716351,2.2335
mp-1046713,1.878099999999999
mp-555583,2.03
mp-757031,3.4044
mp-504615,1.2366
mp-1367959,1.773699999999999
mp-770703,2.657499999999999
mp-1220894,1.9187
mp-2715186,2.8977
mp-1347039,0.7875999999999991
mp-777294,3.7818
mp-1519728,2.8602
mp-1272846,0.0607
mp-1026911,0.5913
mp-776007,0.0986
mp-559436,4.0261
mp-726874,2.4099
mp-2760630,1.1179
mp-2715661,2.9175
mp-1201464,0.781099999999999
mp-1292643,0.888899999999999
mp-1047839,0.349199999999999
mp-768710,1.1313
mp-1024070,1.9102
mp-581602,2.0385
mp-2229162,2.377799999999999
mp-772524,2.7656
mp-1522015,2.754
mp-780243,0.174399999999999
mp-2713960,2.2884
mp-641365,2.8997
mp-18240,0.2195
mp-1239216,0.4232
mp-1217235,1.272599999999999
mp-534850,2.841599999999999
mp-531643,0.450999999999999
mp-1047813,1.5596
mp-30041,1.339
mp-1200651,1.9924
mp-1189247,2.1188
mp-776280,0.9356
mp-2216574,0.037499999999999
mp-2712894,0.1572
mp-1044237,1.3726
mp-1041415,0.9738
mp-1185232,0.9729999999999992
mp-1195471,3.3655
mp-560668,4.207899999999999
mp-1079680,1.8059999999999992
mp-781505,3.706
mp-1234644,1.2749
mp-774581,1.585799999999999
mp-9490,0.569599999999999
mp-1027170,0.000499999999999
mp-1302453,0.3064
mp-14901,3.009
mp-1212931,2.917099999999999
mp-778905,0.160999999999999
mp-2226777,0.1269
mp-1216108,1.186499999999999
mp-2713138,2.5328
mp-2714964,1.2164
mp-754628,0.8351000000000001
mp-756760,0.9004000000000001
mp-1211619,2.268699999999999
mp-2232228,0.518899999999999
mp-1282800,1.7595
mp-676975,1.1087
mp-1189847,2.5955
mp-777374,1.4592
mp-1006588,1.285799999999999
mp-35397,0.238
mp-1195291,1.1696
mp-754081,1.0304
mp-2420244,2.8899
mp-770749,2.8991
mp-1190563,0.186099999999999
mp-2218891,3.0438
mp-2240049,0.4965
mp-768482,3.8651
mp-768185,2.269
mp-756231,0.7597
mp-12516,0.1854
mp-1222764,3.3911
mp-1220927,2.5067
mp-2232238,2.4472
mp-1035324,4.620299999999999
mp-757086,2.2356
mp-1211635,2.253599999999999
mp-18311,3.4154
mp-775999,1.5852
mp-776012,1.440999999999999
mp-3397,4.144
mp-555252,3.0665
mp-756455,1.5774
mp-1042536,2.4277
mp-1220084,2.714399999999999
mp-1245321,2.4087
mp-24234,2.2132
mp-754003,4.8905
mp-1226962,0.1805
mp-2714337,2.880499999999999
mp-1215839,4.6211
mp-1222485,1.9847
mp-771127,3.0341
mp-770657,2.844
mp-28331,2.5914
mp-1516887,0.442999999999999
mp-505311,0.9866
mp-1211546,4.6824
mp-1029189,0.005999999999999
mp-1220906,2.307
mp-2716495,1.158299999999999
mp-1173718,2.5085
mp-1235154,1.0597
mp-756825,1.5550000000000002
mp-15519,5.162999999999999
mp-1220116,3.0457
mp-1043685,0.181
mp-34425,1.5733
mp-12365,2.0422
mp-754961,2.0599
mp-20069,1.87
mp-1041737,2.067
mp-1215675,0.329499999999999
mp-1099727,0.593
mp-2713212,2.8114
mp-2714127,1.8701
mp-1212220,3.3974
mp-693144,2.538699999999999
mp-2216801,2.2319
mp-758460,3.540499999999999
mp-1223434,0.433199999999999
mp-1222471,2.570599999999999
mp-560262,0.1307
mp-16102,2.1142
mp-778924,2.3858
mp-43055,0.0346
mp-2713336,1.7612
mp-554889,2.0385
mp-17392,3.1157999999999992
mp-755189,1.0366
mp-642316,0.6023000000000001
mp-1099627,0.0461
mp-1200897,2.0122
mp-1153970,0.9546
mp-557872,2.7304
mp-1195007,4.4996
mp-1220744,2.3484
mp-1223817,4.4095
mp-2713196,2.0223
mp-774498,0.0316
mp-775927,1.678099999999999
mp-1034141,0.1387
mp-672,1.125
mp-1199734,1.6715
mp-2714520,1.2486
mp-1200653,3.0337
mp-1171226,2.2211
mp-1225003,0.670199999999999
mp-39681,2.7382
mp-772852,4.0324
mp-1518601,0.004199999999999
mp-1234942,2.0427
mp-1272753,0.673899999999999
mp-1194602,3.4934
mp-1042514,1.262299999999999
mp-772441,2.4213
mp-1235458,0.0213
mp-1197121,3.4888
mp-1521005,3.4024
mp-557893,1.917899999999999
mp-768714,1.356999999999999
mp-1094108,2.589299999999999
mp-1326513,2.438
mp-1041820,0.190199999999999
mp-1521008,2.8841
mp-19313,1.6686
mp-641415,3.0538
mp-23514,1.8668999999999991
mp-1044935,3.721299999999999
mp-561639,1.736399999999999
mp-866844,0.9076
mp-558288,3.4985
mp-1196620,3.3594
mp-2714020,1.610599999999999
mp-5839,0.058199999999999
mp-1204031,0.347
mp-1048428,0.400699999999999
mp-1234217,2.558799999999999
mp-1218954,0.590799999999999
mp-1223495,4.186199999999999
mp-1218572,2.604
mp-694931,1.527299999999999
mp-2713537,2.1612
mp-5996,2.9482
mp-2220046,1.162799999999999
mp-697222,4.0274
mp-2219292,0.7554999999999991
mp-1517635,0.731499999999999
mp-1095595,1.6628
mp-1358135,1.331899999999999
mp-776176,0.2742
mp-1222463,0.7772000000000001
mp-1215297,2.623199999999999
mp-625883,1.3024
mp-22265,0.5327000000000001
mp-1190203,0.6058
mp-1044069,0.423299999999999
mp-867022,1.1208
mp-1219802,4.2766
mp-27749,1.5478
mp-1211004,3.6314
mp-2714061,1.6086
mp-1191432,0.046699999999999
mp-1041394,3.557899999999999
mp-2218253,2.0131
mp-1520792,2.2346999999999992
mp-752786,0.4958
mp-1521024,0.5857999999999991
mp-1235244,1.1521
mp-756479,3.4519
mp-1209481,2.9242
mp-1043166,0.241099999999999
mp-770715,3.000599999999999
mp-2218581,1.9222
mp-1080153,0.5421
mp-1227367,1.5432
mp-566368,2.875099999999999
mp-756478,1.3986
mp-1519999,3.102099999999999
mp-559460,3.290199999999999
mp-530877,1.5073999999999992
mp-1040333,0.300899999999999
mp-650928,2.1521
mp-1200181,2.0858
mp-27907,0.9344999999999992
mp-1218906,2.3303000000000003
mp-559362,4.31
mp-6457,3.064
mp-1105963,0.2756
mp-1225965,0.0341
mp-1220877,2.0839
mp-559294,3.4401
mp-1179755,0.302699999999999
mp-1522178,2.8804
mp-19516,4.6158
mp-760863,2.4322
mp-1042160,1.6614
mp-2231229,1.8804999999999992
mp-695900,4.5393
mp-755688,0.28
mp-5328,1.756199999999999
mp-1377713,0.9878999999999992
mp-1048407,2.8076
mp-1263117,0.573599999999999
mp-2714889,4.670599999999999
mp-505009,0.5366000000000001
mp-866847,1.5892
mp-1233215,1.7792
mp-753225,1.4659
mp-603612,2.7679
mp-1201230,0.4679
mp-770371,0.6542999999999991
mp-553972,2.4001
mp-2233307,0.0903
mp-1178771,1.388999999999999
mp-2217870,2.051999999999999
mp-1214950,0.0072
mp-676501,3.4126
mp-1028488,0.7584000000000001
mp-2713132,2.6982
mp-1219520,1.0553
mp-542888,1.952299999999999
mp-1211195,2.4718
mp-1045304,0.995499999999999
mp-1046217,0.3346
mp-766541,2.4669
mp-1180294,0.2206
mp-1228496,2.5309
mp-863017,4.0088
mp-699466,4.0413
mp-1228198,3.5302
mp-1228157,1.8951
mp-15553,0.8971
mp-1521279,2.8457
mp-774782,0.5593
mp-1205204,3.7775
mp-2716540,4.1445
mp-772531,0.559099999999999
mp-558083,2.9428
mp-16831,2.7105
mp-849315,3.504599999999999
mp-1041783,0.9116
mp-778224,0.9386
mp-757797,0.212099999999999
mp-2229303,0.9525999999999992
mp-768197,1.332599999999999
mp-560531,2.6852
mp-1147591,2.692999999999999
mp-556620,2.9107000000000003
mp-560907,2.016
mp-1204185,2.4678
mp-1256934,1.3686999999999991
mp-1233465,1.4774
mp-2231577,3.0677
mp-2715232,1.9983
mp-776043,2.8178
mp-1177737,1.432499999999999
mp-757542,0.169
mp-2217743,0.016799999999999
mp-758843,0.2702
mp-1226126,0.061399999999999
mp-1211497,3.1121
mp-1516834,0.090499999999999
mp-1028826,0.053999999999999
mp-1274264,1.3399
mp-1227434,0.5334999999999991
mp-647450,3.4385
mp-557072,2.452
mp-1233364,2.053499999999999
mp-558528,2.901799999999999
mp-1042367,0.0076
mp-776608,2.2699
mp-776967,1.2869
mp-2714925,1.9961
mp-861911,1.211999999999999
mp-9453,0.673
mp-622268,1.318699999999999
mp-772056,0.014299999999999
mp-1041504,0.347799999999999
mp-2716170,2.0155
mp-570572,1.412999999999999
mp-2715537,1.6261
mp-19461,4.8378
mp-2714410,2.4153
mp-2713127,3.072199999999999
mp-720098,2.5205
mp-1224611,2.5905
mp-2224182,0.7297
mp-1030136,0.0018
mp-1581389,1.8873
mp-1248912,0.0665
mp-2715044,2.3818
mp-1191180,1.618599999999999
mp-1363943,1.91
mp-2716387,3.2902
mp-1200158,0.5992000000000001
mp-1210564,1.987099999999999
mp-1216293,0.8135000000000001
mp-776173,0.0379
mp-849337,2.4454
mp-1383750,3.078
mp-1032531,4.6972000000000005
mp-770065,3.1977
mp-2713649,0.9502
mp-1222367,0.0005
mp-755429,2.3223000000000003
mp-672012,0.6250999999999991
mp-2716301,0.974399999999999
mp-2218075,0.8180000000000001
mp-2278932,1.5525
mp-1204276,1.5493
mp-1385787,2.3248
mp-1521388,2.3322
mp-9837,2.380099999999999
mp-1046716,1.8206
mp-755266,2.1744
mp-1228659,2.0791
mp-851107,2.211699999999999
mp-1196314,2.6997
mp-672289,2.064
mp-1211692,1.3723
mp-726240,2.8693
mp-1047170,1.9989999999999992
mp-1227793,1.2542
mp-975646,0.1208
mp-2218045,0.911
mp-769418,1.107199999999999
mp-772993,2.2422
mp-559588,1.528499999999999
mp-2232139,0.0073
mp-6146,2.7777000000000003
mp-638424,4.1158
mp-2713364,1.8956
mp-781235,2.0054
mp-1030128,0.0169
mp-32777,1.208699999999999
mp-549728,1.2613
mp-1227425,2.0872
mp-1213744,0.431299999999999
mp-1046360,0.0468
mp-1028541,0.5986
mp-1520885,1.960399999999999
mp-34322,2.7263
mp-1301440,0.863499999999999
mp-675284,2.432499999999999
mp-1308495,2.1684
mp-28727,1.1427
mp-1027127,0.6654
mp-774450,0.107099999999999
mp-768500,3.101199999999999
mp-2226759,0.458499999999999
mp-1227259,3.151699999999999
mp-1216787,2.4241
mp-1190579,1.104299999999999
mp-1041899,1.0635
mp-1190778,2.9298
mp-1031055,4.684499999999999
mp-1220176,0.865699999999999
mp-18373,3.0515
mp-1221262,0.6516000000000001
mp-1290864,0.1835
mp-1047156,0.429799999999999
mp-1195268,2.244799999999999
mp-19073,2.1339
mp-2716446,2.19
mp-2715636,2.1155
mp-1043268,0.3037
mp-555420,2.781399999999999
mp-562735,0.762699999999999
mp-1037462,0.301099999999999
mp-756906,1.0038
mp-556621,1.8746
mp-983603,1.1517
mp-753653,2.6125
mp-2712699,2.9705
mp-866826,1.6173000000000002
mp-1219886,2.301199999999999
mp-1042698,1.555899999999999
mp-1157205,0.4172
mp-1210326,2.615899999999999
mp-2219635,1.6108
mp-1224205,2.3966
mp-1043414,2.4641
mp-1222044,0.8144
mp-695213,1.9492
mp-562182,3.4371
mp-1522228,2.8049
mp-1041643,1.6412
mp-1197739,5.201
mp-10748,1.9231
mp-766425,0.145799999999999
mp-1178586,0.3628
mp-773515,1.5961
mp-1027152,0.031499999999999
mp-1516504,1.6715
mp-554704,2.85
mp-554150,1.675799999999999
mp-2713473,2.7902
mp-1216103,2.9302
mp-754262,1.763199999999999
mp-2713591,2.8369
mp-1223082,1.6142999999999992
mp-1037160,0.039799999999999
mp-768512,0.054799999999999
mp-9413,2.3708
mp-8187,1.9785
mp-542833,2.6968
mp-2716295,2.9229000000000003
mp-2229662,1.1124
mp-698691,2.308099999999999
mp-7786,1.6845999999999992
mp-772400,4.169
mp-1378105,0.880799999999999
mp-705061,1.0923
mp-1218658,2.470099999999999
mp-1222014,2.5927
mp-561258,2.0288
mp-1216191,2.8322000000000003
mp-2713710,2.0647
mp-1194610,4.6083
mp-1653381,1.4404
mp-763535,1.0239
mp-1047202,2.943
mp-1226382,0.3704
mp-753477,1.132099999999999
mp-1233756,1.794999999999999
mp-1205634,0.6178
mp-565836,3.0825
mp-1043813,0.330999999999999
mp-1105823,2.2965
mp-674514,0.294699999999999
mp-1190416,2.8907
mp-1296272,1.902299999999999
mp-1181719,0.4931
mp-2716013,1.116099999999999
mp-1213173,3.649499999999999
mp-555781,0.696499999999999
mp-1215688,1.069199999999999
mp-1288145,0.9497
mp-1220965,3.260199999999999
mp-2716035,1.660299999999999
mp-556962,1.660299999999999
mp-2236590,0.0864
mp-557413,2.8832
mp-1177280,0.406299999999999
mp-1205333,2.7005
mp-2231619,0.3686
mp-550820,1.3609
mp-2217630,0.8659000000000001
mp-756682,1.1954
mp-2714988,2.1439999999999992
mp-758394,2.5259
mp-2716305,2.2952
mp-689927,2.5852
mp-2229464,0.576499999999999
mp-734836,3.8023
mp-1080155,0.0548
mp-558807,2.193399999999999
mp-1103766,3.4164
mp-776387,0.4431
mp-2712782,2.607199999999999
mp-1103664,0.8353
mp-778326,0.6998000000000001
mp-765970,1.7439
mp-1201858,3.9277
mp-2715726,2.191
mp-7129,1.660299999999999
mp-20678,3.4845
mp-2712902,1.3956
mp-1047150,0.3547
mp-1215558,0.9342
mp-1215197,2.6223
mp-18371,3.2939
mp-680087,2.0198
mp-777735,0.8674000000000001
mp-1043589,2.3178
mp-698329,3.3406
mp-1023930,0.4777
mp-772640,3.1336
mp-1043827,0.433799999999999
mp-2713201,2.7217
mp-1043064,1.5262
mp-1222376,3.5248
mp-768100,0.4319
mp-770399,2.5391
mp-1228231,0.2463
mp-2240560,1.069
mp-1041757,1.7894
mp-9172,4.5573
mp-557619,0.6832
mp-1223515,0.5186000000000001
mp-556384,1.5012999999999992
mp-1194855,2.9569
mp-2713054,2.355699999999999
mp-2714635,1.6790999999999991
mp-1028764,0.7921
mp-2713068,0.6936
mp-1043880,1.228399999999999
mp-8890,1.4413
mp-532524,2.0912
mp-1275017,0.072799999999999
mp-1210183,0.5504
mp-16267,1.0877
mp-1030465,0.6274000000000001
mp-1221868,0.0032
mp-554906,2.8081
mp-1025599,0.6892
mp-772529,3.188099999999999
mp-1328058,0.084999999999999
mp-1228490,2.341199999999999
mp-2714561,3.9527
mp-545506,0.5757
mp-1045326,0.0857
mp-2714301,3.3449
mp-1233371,2.2055
mp-1307881,0.205699999999999
mp-1219003,0.5106
mp-2715147,3.4643
mp-1227737,3.0146
mp-1217490,0.3609
mp-1290754,0.351799999999999
mp-21724,3.1964
mp-560731,2.7396000000000003
mp-779482,0.1341
mp-1208042,3.1444
mp-779077,0.9405
mp-1228249,1.895299999999999
mp-1519457,2.9378
mp-1273830,3.2624
mp-556592,2.031199999999999
mp-866922,2.0
mp-1046105,0.8167000000000001
mp-1247837,2.956
mp-1177863,0.005099999999999
mp-2229691,0.7422000000000001
mp-556094,1.0752
mp-1034860,2.806000000000001
mp-1194095,2.433299999999999
mp-2679804,0.6628000000000001
mp-709039,4.409800000000001
mp-777110,1.4038
mp-2714257,2.6449
mp-1025881,0.0253
mp-10533,1.5946999999999991
mp-1227512,1.261099999999999
mp-2714304,4.0904
mp-1043347,2.2638
mp-2713420,2.3525
mp-775994,1.5183
mp-1198303,1.235599999999999
mp-1047243,0.879699999999999
mp-2714891,2.0824
mp-1522056,0.285899999999999
mp-1101073,2.8629
mp-1275611,1.5789
mp-755628,0.221499999999999
mp-775194,1.2896
mp-1042052,0.6886999999999991
mp-971683,2.216599999999999
mp-866646,1.804799999999999
mp-2219468,0.2338
mp-2716231,2.0477
mp-768475,1.291599999999999
mp-1037956,3.99
mp-649774,0.7698
mp-2229237,0.450499999999999
mp-1195127,3.6828
mp-775133,0.9861
mp-1363500,0.137099999999999
mp-2712726,3.2298
mp-1397292,1.4339
mp-2715996,1.2427
mp-766093,1.2556
mp-1032960,0.045299999999999
mp-1043615,2.6479
mp-757562,4.0873
mp-2712751,2.5986
mp-753012,1.793899999999999
mp-1517122,1.018799999999999
mp-768139,1.4242
mp-1221000,3.2929
mp-773893,3.1101
mp-553883,3.9374
mp-1273130,3.2759
mp-14175,2.3512
mp-5889,2.6986
mp-559127,4.2227
mp-1519531,0.235599999999999
mp-2713175,2.6428000000000003
mp-757302,1.8082
mp-1235457,1.925599999999999
mp-1041813,1.4383
mp-2713137,2.098099999999999
mp-695081,0.5773
mp-2714628,2.2794
mp-769470,2.8156
mp-752993,0.5307000000000001
mp-1226218,0.082899999999999
mp-703275,1.915699999999999
mp-1204733,2.431899999999999
mp-1233946,3.7014
mp-775865,2.4041
mp-2712632,3.2152
mp-2469,1.0492
mp-768695,3.0657
mp-4255,0.5011999999999991
mp-1196425,4.909000000000001
mp-2712704,2.5272
mp-554441,2.447199999999999
mp-744410,0.845299999999999
mp-18168,3.8996
mp-18918,3.2609
mp-1041453,1.378899999999999
mp-1216944,2.5982000000000003
mp-1222315,1.757099999999999
mp-1106222,0.1073
mp-757016,1.379199999999999
mp-557323,3.2743
mp-695511,2.6301
mp-560904,1.3352
mp-1225120,1.445599999999999
mp-572970,1.9445
mp-2715334,3.8941
mp-758243,1.365
mp-626547,2.8843
mp-2713400,1.4854
mp-1046264,0.7372000000000001
mp-557683,2.7833
mp-1195153,0.6404000000000001
mp-1027890,0.5507000000000001
mp-1177243,1.4904
mp-555056,1.6653
mp-1216492,0.007299999999999
mp-6748,3.5085
mp-759244,3.250099999999999
mp-1216132,2.0178
mp-1236920,1.2338
mp-762032,2.3287
mp-1177072,1.5625
mp-767679,1.3652
mp-771966,3.6037
mp-1044602,0.382699999999999
mp-1177271,1.028
mp-1247060,0.0535
mp-1214888,2.6138
mp-1248520,0.0575
mp-2713247,2.0055
mp-1225180,0.652999999999999
mp-19894,1.609599999999999
mp-2714659,2.196199999999999
mp-1220891,1.6693
mp-2713777,2.6976
mp-3346929,2.7216
mp-554400,1.7456
mp-770495,0.690199999999999
mp-28270,1.8615
mp-2716110,4.325699999999999
mp-1221643,0.5464
mp-2235359,1.3106
mp-770834,2.8302
mp-1519910,0.7630999999999991
mp-556807,2.083
mp-1025934,0.5612
mp-558894,1.9973
mp-1101360,0.9258999999999992
mp-1201110,2.3694
mp-560796,1.038699999999999
mp-1210298,0.0909
mp-768702,2.9433
mp-777624,1.5507
mp-757168,2.1151
mp-32244,2.4684
mp-2715172,3.5667
mp-32533,1.808499999999999
mp-14648,4.065600000000001
mp-720533,2.191
mp-1234353,3.588999999999999
mp-2715373,2.0017
mp-1096827,1.254299999999999
mp-572465,0.0876
mp-2714128,2.8438
mp-1227520,1.404199999999999
mp-2713948,2.1794
mp-1219482,1.1237
mp-2715954,3.6747
mp-2724538,0.8462000000000001
mp-755012,1.4402
mp-1222302,0.103299999999999
mp-3771,3.529499999999999
mp-2715832,1.7392
mp-8921,2.9902
mp-2716373,1.8754
mp-2715702,1.255
mp-23768,5.0839
mp-1220785,2.0801
mp-1208380,0.6719
mp-1983109,2.543399999999999
mp-707953,4.4993
mp-19161,1.2029
mp-1202699,0.021199999999999
mp-561286,2.0218
mp-25305,0.7881
mp-1179954,1.879
mp-1215273,3.2733
mp-17234,0.1442
mp-558980,1.875999999999999
mp-780570,2.2075
mp-2218237,2.653599999999999
mp-2230879,3.0646
mp-14864,3.4745
mp-1095397,1.2026
mp-2715833,4.2732
mp-1147611,2.5348
mp-2714536,1.7369999999999992
mp-697840,1.854099999999999
mp-1388425,1.804
mp-770884,3.906099999999999
mp-756565,1.536099999999999
mp-1193894,2.654
mp-1042458,1.959099999999999
mp-753737,2.3904
mp-1214656,1.086199999999999
mp-39215,4.2006
mp-1207451,0.460499999999999
mp-2218816,3.825
mp-759597,0.128499999999999
mp-1037109,0.184499999999999
mp-1210631,3.8137
mp-17676,2.0801
mp-707219,5.1227
mp-776576,2.4217
mp-1233164,2.637
mp-1028732,0.0034
mp-754634,3.6768
mp-2715405,2.5235000000000003
mp-753826,1.707199999999999
mp-2714354,2.0323
mp-1217377,3.1867
mp-1233382,1.7620999999999991
mp-696851,4.6103000000000005
mp-758943,0.073399999999999
mp-779594,2.0523
mp-1027150,0.6591
mp-555782,1.9917
mp-694876,1.8809
mp-776520,2.574899999999999
mp-1221051,2.7574
mp-1227980,2.240399999999999
mp-695044,0.5861000000000001
mp-1341886,2.4233
mp-1047279,2.7793
mp-2714902,2.2439
mp-1201158,2.0046
mp-2712592,3.064
mp-27146,1.641
mp-776025,0.008299999999999
mp-541860,2.965799999999999
mp-2226820,0.583199999999999
mp-8393,1.592
mp-1227585,2.6538
mp-2715506,4.495
mp-1040361,0.233799999999999
mp-1030281,0.0687
mp-1043107,1.436499999999999
mp-2713652,2.4387
mp-556146,2.8283
mp-1221264,1.509
mp-1224767,2.8592
mp-558581,2.8985000000000003
mp-554511,1.5235999999999992
mp-772566,4.7761
mp-771051,0.9977999999999992
mp-1235970,0.5293
mp-14260,3.2081
mp-677743,2.4216
mp-530169,0.2248
mp-1043918,2.9105
mp-1191034,1.5243
mp-693358,2.4854
mp-1369592,1.4767
mp-1233413,0.928099999999999
mp-2210632,0.013799999999999
mp-752963,0.0257
mp-753526,0.551099999999999
mp-1234834,0.513099999999999
mp-753494,2.0653
mp-555664,2.0194
mp-1210812,2.195599999999999
mp-1030535,0.308899999999999
mp-2715544,2.174
mp-2714092,1.69
mp-10621,1.9492999999999991
mp-775005,0.117099999999999
mp-1029154,0.024099999999999
mp-1206645,0.9884
mp-2714366,2.4676
mp-757580,4.23
mp-1179381,2.2549
mp-559227,1.9729
mp-758410,3.3183
mp-1177850,1.2516999999999991
mp-1147613,2.4574
mp-1272996,0.5975
mp-1192901,0.3284
mp-1203094,4.6549
mp-1306033,0.1105
mp-10953,0.9581
mp-2715711,2.5272
mp-504864,1.496999999999999
mp-1028869,0.0266
mp-1223414,2.6468
mp-1226872,2.4773
mp-2713683,1.8986
mp-686019,2.5848
mp-680331,2.0705
mp-1540553,1.6461
mp-1042576,0.526899999999999
mp-1096985,0.1839
mp-1196166,1.933499999999999
mp-774418,0.875699999999999
mp-775820,1.082099999999999
mp-2713303,2.049
mp-1359749,0.0146
mp-560845,1.4078
mp-1028708,0.0049
mp-760144,5.0131
mp-1177825,0.9502
mp-556729,2.5972
mp-557399,3.8899
mp-2714068,3.0736
mp-756123,3.3673
mp-2713169,2.5644
mp-696291,3.333
mp-556509,1.9478
mp-6763,3.256599999999999
mp-778621,1.061599999999999
mp-20763,1.3916
mp-556975,1.6357
mp-774539,2.6188
mp-1028668,0.0915
mp-530636,1.4791
mp-2230066,2.752300000000001
mp-1195233,4.5107
mp-2712886,2.5152
mp-2716327,1.8518
mp-1520137,0.7563999999999991
mp-1202686,3.2903
mp-770943,2.3297
mp-754358,1.818899999999999
mp-1218391,1.536
mp-677231,2.4692
mp-2714896,1.5463
mp-1208225,2.591199999999999
mp-1195624,1.9021999999999992
mp-1203969,5.0917
mp-2231666,1.1687
mp-18780,4.3858
mp-1027091,0.627699999999999
mp-1034599,4.263999999999999
mp-1209239,3.1431
mp-1223995,1.1961
mp-776435,1.27
mp-2715424,4.1312
mp-6023,0.9788999999999992
mp-1032598,0.0052
mp-759925,1.4608
mp-1105196,0.387399999999999
mp-753508,1.299399999999999
mp-1223629,0.359999999999999
mp-2229351,0.780899999999999
mp-1234597,1.1496
mp-759413,4.0775
mp-560501,1.733
mp-866520,2.0269
mp-1195392,3.9271
mp-6138,2.9703
mp-1177943,3.1408
mp-1216219,2.8637
mp-1216798,1.241299999999999
mp-2713876,4.8209
mp-755206,1.9808
mp-770623,0.4748
mp-769287,2.301
mp-1282897,0.027
mp-2713836,1.3978000000000002
mp-40677,1.1399
mp-36165,1.4874
mp-768610,3.114099999999999
mp-8781,1.456
mp-20767,0.1989
mp-23501,1.279099999999999
mp-531811,0.9114
mp-1234116,0.9413999999999992
mp-1224604,1.7582
mp-1041714,2.932599999999999
mp-772174,4.2839
mp-1177824,1.5932
mp-1080650,1.6223
mp-1035811,1.5868
mp-2713151,1.699
mp-2218604,2.3115
mp-1200136,2.7023
mp-767409,1.1128999999999991
mp-2714813,2.4288
mp-1228002,2.6052
mp-2714252,1.7855
mp-2714162,3.679699999999999
mp-37310,2.597
mp-560785,1.7939
mp-2713207,2.5547
mp-1033996,0.019599999999998
mp-773017,2.4919
mp-15155,1.7099000000000002
mp-1520763,0.2422
mp-4818,1.2221
mp-1220977,4.1887
mp-1210801,0.220099999999999
mp-2714779,2.1767
mp-1093993,0.7376
mp-849433,3.934199999999999
mp-4682,3.444199999999999
mp-2713213,2.4386
mp-541863,2.23
mp-27475,1.9734
mp-34439,2.6327
mp-757199,1.3856
mp-2285488,1.2139
mp-1101295,0.1775
mp-1226388,0.6940000000000001
mp-554681,2.0164
mp-1223303,2.3423
mp-1221026,2.0629
mp-1037608,3.979899999999999
mp-1522519,2.254
mp-1190527,3.9594
mp-866810,2.442299999999999
mp-2714198,1.6435
mp-694318,4.2749
mp-1216832,1.7575
mp-1035335,0.4635
mp-1214495,2.483
mp-1277741,1.9752
mp-561134,0.6252000000000001
mp-744317,2.9943
mp-2716565,2.6298
mp-2712831,2.4488
mp-756784,0.0072
mp-773181,0.409799999999999
mp-1105566,2.4917
mp-1262781,2.0757
mp-1218912,0.9128
mp-16061,1.8482
mp-776000,0.036699999999999
mp-2231,0.904799999999999
mp-773887,2.639199999999999
mp-770873,2.9212
mp-1032493,4.719200000000001
mp-1209409,3.0461
mp-1216934,2.1131
mp-1105335,2.8095
mp-1206068,1.627
mp-1218229,2.6323
mp-1519009,0.163899999999999
mp-505177,1.9707
mp-1047182,2.298499999999999
mp-2218594,0.5906
mp-675245,2.469799999999999
mp-1034607,4.504199999999999
mp-1042775,1.4904
mp-1047738,1.534899999999999
mp-2228597,0.4953
mp-1573040,1.051699999999999
mp-1190132,2.9823
mp-2218342,1.5481999999999991
mp-1204474,3.0321
mp-2715045,2.9584
mp-760342,5.1568
mp-19125,1.9524
mp-560591,2.719
mp-2716522,2.582
mp-1204987,2.7897
mp-757766,2.2279
mp-557492,2.2041
mp-1200967,0.927099999999999
mp-559694,0.119799999999999
mp-1199936,2.375099999999999
mp-759786,2.8813
mp-9737,2.4891
mp-1047208,0.0644
mp-776509,1.9412999999999991
mp-1275545,2.511399999999999
mp-760157,3.4889
mp-6358,3.048
mp-2714360,1.9929
mp-776625,0.026399999999999
mp-1027129,0.606799999999999
mp-17747,1.488799999999999
mp-1222352,1.0782
mp-2712681,4.3545
mp-1043405,2.4444
mp-704943,1.5525
mp-1235688,0.1067
mp-554376,2.716699999999999
mp-9813,1.6021
mp-758098,2.7689
mp-1204525,3.4436
mp-1349923,2.0461
mp-1047807,0.3387
mp-1221823,1.8506
mp-676280,3.4067
mp-2716381,2.2374
mp-2715415,2.0545
mp-557517,1.8074
mp-27229,3.270399999999999
mp-2716458,4.7273
mp-2715117,2.6365
mp-1641494,1.1244
mp-1325965,2.899899999999999
mp-1519405,2.038099999999999
mp-532059,1.096799999999999
mp-1235182,1.9371
mp-780239,3.4335
mp-9425,0.5552
mp-2715067,3.857599999999999
mp-560110,1.9643
mp-760462,0.553499999999999
mp-1047809,1.9597
mp-768507,0.2927
mp-1195381,2.9945
mp-755096,1.7574
mp-1388058,1.2512
mp-1521929,2.2686
mp-2227769,0.9146
mp-28000,1.3013
mp-1101179,3.562599999999999
mp-771579,1.7734
mp-19158,1.8192
mp-1025925,0.7782
mp-7499,1.4057
mp-1078671,3.460499999999999
mp-1520572,1.8375
mp-1029112,0.0005
mp-531689,1.4963
mp-1235129,2.0499
mp-1047724,0.028299999999999
mp-554120,1.6324
mp-1183390,1.8559
mp-1103054,1.5751
mp-2713123,2.1247
mp-30248,1.028699999999999
mp-1213335,3.4186
mp-686482,2.5593
mp-849406,0.8404
mp-715923,1.1298
mp-2232913,1.3968
mp-1202182,1.992999999999999
mp-504840,3.3802
mp-1203942,3.0276
mp-1331549,2.0729
mp-1043719,0.181299999999999
mp-2715542,2.6805
mp-752920,1.1757
mp-1218863,0.2724
mp-2716185,1.2709
mp-777480,1.441399999999999
mp-758201,0.2239
mp-19842,0.0402
mp-760212,0.933099999999999
mp-676461,2.1509
mp-1094021,2.061
mp-1207960,3.246
mp-726681,0.129699999999999
mp-1247884,1.5436
mp-42054,2.237699999999999
mp-755727,1.1649
mp-2229000,0.0148
mp-2220282,0.066099999999999
mp-559747,2.6015
mp-1047992,3.5612
mp-1233432,0.2225
mp-1032615,3.977499999999999
mp-1044010,0.056299999999999
mp-771365,1.2013
mp-731669,0.2072
mp-1025874,1.5093
mp-2714586,4.207999999999999
mp-776174,1.0163
mp-669445,0.8620000000000001
mp-1037091,3.191199999999999
mp-2222776,2.093099999999999
mp-1041967,0.198299999999999
mp-1047674,1.5659
mp-1203753,3.371699999999999
mp-24038,0.609499999999999
mp-14921,1.8571
mp-1025937,0.1554
mp-35493,0.8250999999999991
mp-2714303,2.3977
mp-556522,0.5758000000000001
mp-2715168,1.5146000000000002
mp-530316,2.5233
mp-1176571,1.0624
mp-763805,1.0388
mp-2713771,1.4951
mp-555628,2.036
mp-2715997,2.0946
mp-1228063,3.2524
mp-684723,0.6086
mp-758836,1.740399999999999
mp-1662321,1.262499999999999
mp-1179262,3.4169
mp-1223705,1.7707000000000002
mp-1199400,2.0092
mp-1147681,2.5023
mp-1205364,2.1378
mp-24366,5.0087
mp-555509,1.759199999999999
mp-1219676,1.6305
mp-680388,9.9999999999989e-05
mp-16454,1.171999999999999
mp-775004,0.078699999999999
mp-2220235,0.0099
mp-1202783,2.1638
mp-1290660,1.3324
mp-1079885,0.091099999999999
mp-1041228,2.114899999999999
mp-754301,0.2308
mp-1201376,3.888599999999999
mp-2713786,2.3867000000000003
mp-866473,2.498599999999999
mp-35269,1.081899999999999
mp-768229,1.0633
mp-759534,0.5768
mp-1103194,1.7634
mp-2715091,2.7289
mp-1216271,3.1195
mp-1228087,2.3881
mp-553948,1.6625
mp-1518107,0.5378000000000001
mp-1247714,0.528299999999999
