y_true,y_pred
-3.341442911333334,-2.58759516990289
-3.33056498861111,-2.7436084938978893
-3.503531851111111,-3.051756157608705
-3.44146682423611,-2.594912409463149
-3.491561325277777,-2.4178795341377364
-3.427717181944443,-2.303480645173142
-3.322505210486111,-2.2310152253153452
-2.710972401944445,-2.6963908373138024
-3.268933620238096,-3.0336101554890935
-3.725641982638888,-2.993641903640852
-2.576924830583332,-2.847605853661752
-2.536294297510822,-2.1150359780332324
-2.755133414252873,-2.363868345924058
-2.55084869948718,-2.594271225491563
-2.433770533484848,-2.329443482416543
-3.538201400833334,-1.7882773010536497
-3.443433267619047,-2.5987615726061777
-2.833785544761904,-2.009760407548258
-2.082302085333332,-2.1541586340389527
-2.523742400648148,-2.210492939285469
-2.369755176092591,-1.9997043272188602
-2.320139532314814,-2.2796786961512874
-3.538690571666666,-3.231902886844573
-2.215100651363648,-2.1361618483709286
-2.671460970666666,-2.8437679864757874
-2.792557587666666,-2.687393942468032
-3.511420170583335,-2.488377302166699
-2.524066678148148,-2.092442452037968
-1.967631604305555,-2.3797975592009486
-3.813013549791668,-3.414498413113446
-3.30585531037037,-2.611313068341419
-0.7699851751587301,-2.068935845739549
-2.545002442083333,-2.846919389984165
-2.947684084375,-2.698388172290526
-3.795378381666665,-3.0442144130295157
-3.782408032083333,-2.9921364490318036
-3.833794194166668,-3.217695304225793
-2.367246567976191,-2.787827779375135
-2.918284943752874,-2.8590173891106194
-2.15479698059387,-1.920725044081594
-2.824119149583333,-2.9254777030910573
-2.968286045972224,-2.7697723277409696
-2.94243153851189,-2.4862342467936442
-1.652719156616158,-2.004480182747178
-3.397709275595238,-2.500175190407714
-1.96274379862452,-1.6660358162077165
-1.7686629051190472,-2.301920929380473
-2.743912591876752,-1.983235551492183
-3.280028918666667,-2.895131632407061
-2.628918341666666,-2.560956918311047
-2.657886439666666,-2.662002724584722
-3.914610188854153,-3.7743764565651348
-3.846181190104166,-3.4804943324591475
-3.544637564666666,-3.3763248905090317
-3.441487001041667,-2.919344996345447
-3.829447251666666,-3.8243892121557996
-3.792682673333333,-2.8905053193129886
-2.278994070466155,-2.0200428916193602
-3.16681742716667,-2.7641974458873513
-3.738986948229168,-2.598831622557621
-2.710423127361112,-2.7438727912526764
-2.7103006219444463,-2.7129097881550677
-2.67569474631363,-2.462822852732638
-2.774889303333333,-2.784290895224609
-2.773311351333332,-2.7786144318751207
-2.808872897201468,-2.384688658277236
-2.570141974375,-2.6302546669646403
-2.5659690259375,-2.564421943588818
-2.521505866527777,-2.3725577322010283
-2.719630219047618,-2.3448002965880494
-2.863260955303029,-2.208484083231019
-3.009353370166668,-2.7362788600394263
-2.6050810368055557,-2.602228695329612
-2.603598594097222,-2.601904267706826
-2.8742436375757583,-2.5229551356714968
-2.133860237831417,-2.5658150868015808
-2.790575222314815,-2.1718470490182593
-2.988187130092593,-2.6079544143296727
-2.361769379814815,-2.4901475586602304
-3.392110943962961,-2.448923611703171
-2.367242657738096,-2.166888300478402
-2.952098685144928,-2.22022019655626
-2.662322021071429,-2.673792644303639
-2.506116717142857,-2.433710362150508
-2.705878369270186,-2.4347107459886166
-2.68619760500992,-2.89071281114158
-3.5481689280555573,-3.4102919025330327
-3.539191923055554,-3.5257410806715592
-2.527016124861111,-2.1688552106990273
-1.9984467869791664,-2.19288993364881
-2.567641134687499,-2.665345457443181
-2.432689395238095,-2.3982314081468115
-2.229680485741902,-2.205210706288311
-2.32336962030303,-2.506131082501853
-2.611450766041667,-2.520148367530596
-2.6620146475,-2.6630927433736096
-2.321905860277777,-2.4058506047674264
-2.980264731666666,-2.9431066898816884
-2.772968720704022,-2.8040589755206407
-2.753501077708333,-2.7612660576681973
-2.9579809367097702,-2.973177388046734
-2.958552300208333,-2.9851435006933245
-3.142258649116666,-2.753576845444842
-2.303131396296296,-2.43446206491211
-3.386128164369048,-2.8353022515008695
-2.9956953140102183,-2.8568887819911786
-2.783534966946018,-2.192761947503136
-2.393779653257576,-2.5380823416359544
-2.50232282030303,-2.570405094159185
-2.133503183712121,-2.5202406372921633
-1.9264472816666671,-2.5000010020274877
-3.655337607018518,-3.5209546623935366
-2.810826894333334,-2.3790643523994235
-2.271023565833333,-1.9245801500727473
-2.674085536263226,-2.6951498210229317
-2.819763389177488,-2.8140639422747684
-2.802594094632034,-2.189539712076255
-2.494375604833333,-2.8047613394669484
-1.352691243974359,-1.9713563553605726
-2.458384693921958,-2.597917225226029
-2.657787760623248,-2.4789625179925427
-3.223730964166665,-2.703116880785667
-1.038760822469136,-2.7040391437169826
-2.800253669550264,-2.7979570293675944
-3.150392669846153,-2.3333422253191416
-2.951406969122025,-2.9710957240338014
-2.808509416051586,-2.496043323819872
-2.6563109602763038,-2.0531094313291027
-3.047113839791667,-3.2953933524670465
-1.8605560296212111,-1.9754703484568672
-2.772059853702107,-2.656295599930396
-3.191050216985153,-2.7713170114816315
-2.538180725525211,-2.2191243536459013
-2.757122292191875,-2.2932676102936767
-2.964467245427171,-2.2164972511900736
-2.377613964855555,-2.3816203793430604
-2.507120126813539,-2.6397849530380157
-2.592767026222222,-2.8579302819881987
-2.6527576375555557,-2.5270283451439823
-2.8246544273107563,-2.381547139508497
-2.078398211666666,-2.131451027809241
-2.485938660349617,-2.6686304204269575
-1.996119577916666,-2.123447117564144
-2.395163036069604,-2.337010463330144
-3.03283544610119,-2.793099414009987
-2.728034570972223,-2.597557904028302
-2.635220453589744,-2.434786764383455
-2.567440287857143,-2.348259014115143
-2.678897705707672,-2.655635496332542
-3.072028314833333,-2.9503755888490906
-3.660298673333334,-3.3000712632952593
-3.044681616666667,-2.8186775740095826
-3.347554984601806,-2.8251469397160234
-3.127266641190476,-2.5795053622022146
-2.522992791916666,-2.2962212980357792
-1.930162530277778,-2.842874444136544
-2.292883116616378,-2.417014530460719
-3.62643061562963,-3.521500627226947
-2.5401097066235643,-2.4055924515895875
-2.431936003095239,-2.482483257716279
-2.831664266666667,-2.685595028771904
-2.707362625291005,-2.5537970731976047
-2.760716952715774,-2.8060298589320385
-2.562829422380951,-2.5360334129795303
-3.078760217362707,-2.397178019612825
-2.834659427604166,-2.8283527172435656
-2.868070436893229,-2.861005605691004
-2.889036226041667,-2.888813235250969
-2.885222885729166,-2.8837399593665656
-2.252744042104763,-2.4463871086838416
-3.126852769407409,-2.470009476470039
-2.506827467848021,-2.0912833188735904
-2.533925881111111,-2.1690742860070857
-2.600106156805555,-2.605779086171062
-2.524998473086206,-2.311518167499808
-3.360695499244663,-2.934246224692318
-3.352549628887522,-3.227691064523299
-2.6347433481540783,-2.336666640583803
-3.012164740333333,-3.0032713399247184
-3.105198752916667,-2.5418309873142872
-2.893838672648415,-2.591717949472976
-2.499407430316092,-2.5727987515850597
-2.594522680595237,-2.930206179990327
-2.657249107267316,-1.995835822417493
-3.285665122023808,-2.2639206155699556
-3.227161415952381,-3.0794822639439587
-2.505974840625,-2.7076229292444967
-2.815819442333334,-2.645523136152163
-2.798555323888889,-2.781277729516369
-2.596534346666666,-2.5929255911223716
-2.720782460641026,-2.6686889344222533
-2.887004985180625,-2.481720801172943
-2.660838250714286,-2.648815518355369
-3.119839093671773,-2.234934470715148
-3.242379914166667,-2.614846559133747
-2.5702414612499997,-2.530124185797188
-3.193642910138891,-2.6404909101125464
-3.561698993333332,-2.687093744740226
-2.613636894971263,-2.5064977470267555
-2.885574782654063,-2.4438915607577525
-2.501183553536415,-2.477676431847626
-2.7143660203921582,-2.4132015873809047
-2.658803198391121,-2.637735189555666
-2.516721744416666,-2.6047651235855525
-3.218606116444446,-3.2048540064413924
-3.150301182227357,-2.9014717334763445
-1.592254346051328,-2.0354161177064003
-2.589494819819445,-2.2768710408162494
-1.626452739533332,-1.183890901955792
-2.8039751102380963,-1.9483624049079868
-2.340059317947,-2.180805756098606
-2.793463146929393,-2.738425040966271
-2.635276225866402,-2.5665955921509953
-3.057720861333334,-2.8993785340084375
-2.205768829635416,-1.6933591602358333
-2.736100590403438,-2.7228932070881338
-2.8071811542923277,-2.7891730731879973
-2.635828347903438,-2.737706804084877
-2.7697305713133997,-2.762299458373191
-2.766100674477513,-2.810449087480041
-2.694523067788497,-2.6825227891011023
-2.576175425250626,-2.9155674721531146
-3.096632968908521,-2.5471748325384302
-0.296530911936937,-0.5318776399164643
-2.213162129095238,-2.1237482171125444
-3.519273123833334,-2.801163614268813
-2.705201170326233,-2.9892019716672404
-3.184289496833332,-2.964021244912818
-3.503953114558334,-3.073997259716877
-3.614766117333333,-2.8275075398173657
-3.555401641833333,-2.96100605707364
-2.397164929471265,-2.681355596517694
-3.393466040058333,-2.192333141121847
-2.827884178058333,-2.694650205197545
-2.416488118058333,-2.561381831442504
-3.501999767666666,-2.5788160334669707
-2.450685473471265,-2.399684999910995
-2.474273304892473,-2.521969986072855
-3.004946594126437,-2.190394518632145
-2.354717354979473,-3.0267482055033557
-2.7565186602067677,-2.8308832467661484
-2.840886545733083,-2.7436524511656977
-2.672862814209956,-2.0942238492782494
-2.667902996838745,-2.249239959664111
-3.019816612765964,-2.2681499365623825
-3.222242761916666,-3.2235946913736937
-1.9343592297619048,-1.8954117581198757
-2.241756793188405,-2.176804859087686
-2.200827399010417,-1.9202116574738148
-2.8000481505273958,-2.917254943850749
-3.297388075083333,-2.7001767376283974
-3.676868963133334,-3.159307807754724
-2.811044955389755,-2.5175938599127115
-3.930646094242425,-2.6304616235904943
-3.198719699533335,-2.9292081733694517
-3.376717194583332,-3.397200681454308
-2.866881227736659,-2.822064638033612
-2.6653750204621662,-2.000393460369148
-2.436557999613094,-2.5546298473858196
-2.530523049613096,-2.754954541466884
-2.740436089712849,-2.564945471613941
-2.604094426767997,-2.3849736068906067
-2.952310428610104,-2.659244667219389
-3.076822898090053,-2.95038708748141
-2.798874400198202,-2.76265386827573
-2.435353056263611,-2.5592675951338104
-3.073014353105707,-2.8621136830634297
-2.33458761034167,-2.2119438947119328
-2.591734464059619,-2.674551058821897
-2.3839345550272637,-2.5049053240551693
-3.200759918314175,-2.6978146017437767
-2.352503654113095,-2.5275815462194977
-2.922077437622548,-2.5630786098899203
-0.522040200246914,-0.3593037844353434
-2.957641276156555,-2.704275718796333
-3.358583253761755,-3.177378777966886
-3.364546526110241,-3.012764104327938
-2.595678145036946,-2.5022071105380967
-2.716511765414614,-2.6430225355742856
-2.527087144888298,-2.5532999234641034
-2.373248909267998,-2.412005523082878
-2.693376000308077,-2.552130034941258
-2.7189812957785997,-2.6494563882724207
-2.6331059061235638,-2.4834010872059595
-2.703546141810345,-2.6161123866951392
-2.936559151504516,-2.726102329781462
-2.978896680642545,-2.805619863703594
-2.9140565796969997,-2.3580518753164474
-2.846086555585888,-2.642896268892973
-2.748478978658418,-2.768336256489889
-3.368476822473877,-3.187462727857637
-2.327959469444444,-2.336944949104549
-2.129896608833334,-2.1294798292898562
-2.131167224083334,-2.164105047847915
-3.057675286240742,-2.4070867374255576
-2.728868373997034,-2.6964020874586785
-3.001360933571429,-2.7858973954189157
-3.409431416027777,-2.6196501320241468
-3.450418100515152,-2.965785572916183
-3.343356402727274,-3.0166680040723257
-3.506235291266668,-3.2965398331010864
-3.304265289433334,-2.7250829421013005
-3.755643660968992,-3.13630791603444
-3.373620836515152,-2.6529330839429646
-3.441455824703065,-3.2573590913034765
-3.460248610119048,-2.881244700695072
-2.76491730672598,-2.7178996672050486
-2.663108188777263,-2.608311744526881
-2.579420908583333,-2.4038126983790407
-2.128388242736318,-1.9254307064967668
-3.328409610878832,-2.627143119819698
-3.239361694691358,-2.8659323812200457
-2.664092388935186,-2.6152350672032294
-2.666137933935185,-2.6664709005263685
-2.827308839935242,-2.282323056421657
-3.169218702888888,-2.0693840225826805
-3.08095637197279,-2.526421111455094
-3.148679460222222,-2.1659649830526573
-2.926436852125993,-2.9455527832321833
-3.411368998031609,-3.077891767478958
-3.270762661149425,-2.484334440001275
-3.2767423687494253,-2.3680265063300463
-2.699558533242466,-2.7607197857931736
-2.754831449503729,-2.7527196967438714
-3.4985176012254917,-2.435830647807124
-3.372458896524693,-2.9623042522314877
-2.48158473101626,-2.4806170948232564
-2.430615963699185,-2.449658243577235
-2.472394810284552,-2.4737169113662056
-3.542799939166666,-3.1373852656158756
-2.541537538084292,-2.5658830581018246
-2.901213671106322,-2.6905088434104765
-3.429199173433332,-3.0916445329200175
-3.468271934925,-3.2727277636829712
-3.247872366161617,-2.3309905844010674
-3.459892435270269,-1.9280289349576594
-3.629477681959459,-3.279432110764737
-3.668481502837838,-2.7848694222697286
-3.285005818131313,-2.44403562907423
-3.371485453863238,-2.77543832355645
-2.508509041634921,-2.3434622822304263
-2.47145578495238,-2.565295476377908
-3.281790044358975,-2.801513096234973
-3.188091248004716,-2.8758943757643713
-3.056304059817351,-2.534065774668872
-3.115917543478262,-2.4137551159482356
-2.918359551342594,-2.91829567011373
-3.39260867648099,-2.8047524328341042
-2.715718284406779,-2.739043729419497
-2.716349748559323,-2.666183598318746
-2.7114665409039542,-2.5617686373789876
-2.65164861881356,-2.574288328257404
-2.83934014625,-2.786116910588976
-2.8390163578125,-2.8387431078351457
-3.465604477698412,-3.1216798619879635
-3.053406218014184,-3.0533621717899724
-3.392059054319248,-3.0280937104179944
-3.5134036649580462,-3.003627422306105
-3.502696614333045,-3.4189823969427953
-3.494360285521886,-1.2736093229943106
-3.497663491886227,-2.2529178534393175
-3.509142515208333,-2.864104693818098
-3.4925284151388603,-2.623637043619458
-2.42939052240196,-2.3871633437986484
-3.788790012407407,-2.993189890940988
-2.533026730996168,-2.3656967444035732
-3.635706428484849,-2.2394833929633147
-2.634991118333333,-2.796318874706021
-3.779598183333331,-3.7130189115235495
-3.593970857196969,-2.977217803684697
-2.623838555111111,-3.0737313435654654
-3.783552335151515,-3.444634889253193
-3.806610549924245,-3.5641366610548113
-3.530045994166729,-2.470223901835816
-2.905231004583333,-2.4739897607579993
-2.994516180833333,-2.7403584996339028
-2.963518827395834,-2.7848969138618433
-2.942224596458333,-2.4365193805818515
-2.538975051007437,-2.4860267204853685
-3.534712548333332,-3.4083388747894436
-2.9724210316666677,-2.6794057561191873
-3.5143705075490197,-3.3094407942492143
-3.572974870098042,-3.4965865330736237
-2.022203403739035,-2.4021664279938126
-2.736890009027778,-2.321170427339015
-3.006099874662698,-2.9624001005420153
-2.981852458859696,-2.797319526415391
-2.947296141150792,-1.393008806514791
-3.327805923205129,-2.716648835048041
-2.324040174215686,-2.411491077347127
-3.045344703,-2.7056560816095674
-2.408987487777778,-2.392628081073374
-2.464096025833334,-2.3157964235926918
-2.7350797558125013,-2.7382131465217854
-3.439722850000001,-3.047535598193368
-2.313504962453704,-1.7426801735343636
-3.288295090606061,-2.4322511676734955
-3.293637026969698,-3.126921757113997
-2.875454595279762,-2.882128657629069
-3.079953116166667,-2.9028392779057146
-3.155853712959771,-2.8441016545939464
-2.830933748804598,-2.771616981784453
-3.024244806283069,-2.928327029778751
-2.816328668986659,-2.797026010217326
-2.522947715138889,-2.4275216634297814
-2.448098254537036,-2.318762987699348
-3.139905829420289,-2.8986481902227608
-3.035696571699736,-2.840619007330864
-3.025165085449734,-2.9161052785666217
-2.5980000256063223,-2.6353780977092853
-2.590988335725954,-2.5226954536378376
-3.005972689523809,-2.8537673293951515
-2.9893756653874752,-2.7815454438499545
-3.3828441585,-2.6294817339835945
-3.012545660357143,-2.9160020094219026
-3.397803543971264,-3.3998396931927486
-3.444843737804598,-2.8422932883905454
-2.827865287804598,-3.0443772365427293
-2.457645174550225,-2.381269558283645
-2.806364078730159,-2.6150675639483945
-3.55353113539216,-2.7462394951595948
-3.1969918048245622,-2.9653458441920453
-2.6302114412772992,-3.050425997797272
-3.59110047827957,-2.9480298469324517
-3.007728040980392,-2.5229175890985727
-2.7384801909848493,-2.5828372185276387
-3.182953520916666,-3.0836128639683142
-2.333492227745099,-2.3812716991222476
-3.53960803362745,-2.721451891799028
-2.8087443045168072,-2.35943354174681
-3.23626329312069,-2.092810160455563
-2.362030467499999,-2.4459317443548803
-3.133505881623563,-3.142368468740795
-3.12328127454023,-3.1341076935018197
-3.231124123583333,-3.1254320998680436
-2.24960826142857,-2.4274012008752237
-3.084489598063493,-2.1394694031024697
-2.613514219436275,-2.639146166662576
-3.3141651770666662,-3.2056363800825474
-2.1096567491176472,-2.27899151009699
-3.114659586047544,-2.903592306022751
-3.119080275365725,-2.941514940366215
-3.140802256376437,-2.6724418661306086
-3.14034659404023,-2.949362952463046
-3.12852022129023,-2.855841710213404
-3.138795482623563,-3.1083813764812773
-3.019484092752232,-2.6373591668746457
-3.061508407541667,-2.2853159631733546
-3.16231406628788,-2.5569869111284813
-3.400208304145116,-2.093633313166435
-2.169125769285713,-2.3837440795382108
-3.014165527563738,-2.902606719588349
-2.118391377758233,-2.4373244877695783
-2.484560246767242,-2.5503421022201005
-2.792987238544314,-2.6838019418384538
-2.465727661546843,-2.604847485321515
-2.698967249925221,-2.6230689924382404
-3.028384996311064,-2.7191709967932973
-3.025504205985748,-2.9437979710198308
-2.488363921053015,-2.351092302551054
-2.788471922218652,-2.730332340216594
-2.46788044769237,-2.5586817798036474
-3.065101275226781,-2.8930223807175763
-3.022693554884156,-2.817654859704744
-2.46824251164051,-2.2730578627555933
-2.933977194465366,-2.692037678869161
-2.691176716552409,-2.678271581721936
-2.853562420313889,-2.698901128383239
-2.861995103774632,-2.5826351566377084
-3.059915479502676,-2.4448953518773173
-2.669258530131142,-2.619725845127618
-2.605204162867606,-2.495608128398089
-2.8651805751761863,-2.6700121751088055
-2.772647144319083,-2.710315931041769
-2.6882854820680797,-2.642552862333396
-2.45867592160273,-2.2990065238053443
-2.79489893584213,-2.6958401268542964
-3.003964934227506,-2.7777597307673476
-2.800541575111392,-2.7840802953683594
-2.726297469716749,-2.8175155719024416
-2.958606519365871,-2.672259908024162
-2.815534561471134,-2.856897551601294
-2.986023191439127,-2.125319293889935
-2.494548063596492,-2.4128244726064763
-2.873575466458332,-2.8744183565376313
-2.8490690452083323,-2.0083803695251548
-2.4337888755,-2.101485712107682
-2.926663778055555,-2.1866455396094566
-2.891011295384615,-2.163090822800499
-3.46170255,-2.9912373020362795
-2.162470100357142,-2.3013637216334537
-3.720096642105263,-2.4420402044401115
-2.628146902500001,-2.695114820859512
-2.544516797368418,-2.5506242378362494
-2.802693101458332,-1.8800915634255255
-3.525216475588235,-3.108679522565083
-3.655366920714286,-2.7896255493710087
-3.275140202281167,-2.945734714655332
-2.845351475799999,-2.6730375303214013
-2.854191778,-2.783124607624869
-2.853886971399999,-2.7405301200153005
-2.822698063399999,-2.7747781783875225
-2.937580324782086,-2.8348960407969757
-2.7895227046,-2.786084951479888
-2.528864603333333,-2.1761129945089555
-2.373531736215277,-2.3697725590723895
-2.373029521944443,-2.376982150863103
-2.867435775481366,-2.3398612870019706
-3.216646102291667,-2.4993788248560773
-3.020956496547619,-2.5539542008426848
-3.353052555456389,-2.9577950323000297
-3.120966273157895,-2.485434205795968
-2.7411984510816323,-2.3911173648569553
-3.198320521547618,-2.969859113775922
-3.101722933141026,-2.4883743686092936
-2.9742572933333333,-2.7992252125082775
-3.342956696916667,-3.0026469083031593
-2.945266703869048,-2.7044126986294565
-2.426537899015151,-2.4431867696541256
-2.545936431969697,-2.5831381764824535
-3.278112299124999,-3.1088842602709206
-3.465720377580646,-3.1295457477011577
-3.263928574210528,-2.014063255340895
-2.373114702878787,-2.1638467226494194
-3.498646601166666,-3.2392012896594577
-3.6494072715625,-3.426998714294789
-3.204926150601053,-2.96139312752917
-3.205268504559386,-2.9694747938958637
-2.869449423421053,-2.7620621240090637
-2.330676707708334,-2.4618021459235147
-2.991848263952254,-2.801177379205552
-2.089896214047619,-2.277483269604586
-3.350941987997012,-3.292998407250723
-3.400792283590517,-2.6732278218823984
-3.60617163575,-3.2602931119927665
-2.912933762885663,-2.7429815666164474
-2.441213014583333,-2.6220381580708154
-2.889751230887254,-2.77526350408922
-2.413380128896552,-2.2768217463982787
-2.978340331585453,-2.5286576223748756
-3.020172919558427,-2.77986083885547
-2.5888910145402297,-2.155731644789566
-2.655216414761905,-2.509640329671841
-2.449602147261904,-2.518570180907993
-2.654230634404762,-2.6721771210567584
-2.49144564797619,-2.4010859010454557
-2.7491458727596463,-2.7994013697190843
-2.341632898333333,-2.2041515232868627
-2.4319691526190472,-2.6176654487109507
-3.59609867125,-3.3386930233904715
-2.986257816740091,-2.705761878244227
-2.883943482891156,-2.4862826988841187
-2.72938484827381,-2.740699231566647
-2.862100900438559,-2.80879620610696
-2.615135325958995,-2.612107828398854
-2.763142391884921,-2.6602927931452145
-2.601190781514551,-2.712629306524541
-2.70479929938492,-2.777474146602267
-2.816080271607141,-2.741420517942778
-2.795714644107142,-2.796702723566783
-2.5290841673749997,-2.568259382633784
-2.939680088275419,-2.3588616851867665
-2.510145636292177,-2.405411943579567
-2.839669269862847,-2.2384232134213122
-2.399002131432676,-2.5201072818112293
-2.565531808006979,-2.4602125639385
-2.63641333404762,-2.594411047066413
-2.513536416666666,-2.8128057832703446
-2.395884423111659,-2.4095968035756714
-2.432208156369048,-2.467058884134171
-2.481748588511904,-2.215543859169909
-2.738667987797619,-2.7085182727489037
-2.515931263965518,-2.54084214526423
-2.775733135499909,-2.6794676078151713
-2.778592918320361,-2.3329976087734763
-2.932571492648384,-2.7554689750017083
-2.854714063504516,-2.7752746961788124
-2.855716525719076,-2.756607261979601
-2.764921820131142,-2.682951500421086
-2.90093668830893,-2.1974046301780126
-3.20994828040613,-3.203754957963955
-2.496962872733332,-2.4318117828263586
-3.124759740633116,-2.3611155229369754
-2.421424089247311,-2.3067193738991865
-3.542480545133334,-3.1686299744735957
-2.850029601979166,-3.039129042547041
-3.556876057933333,-3.401796349808867
-3.740304071742424,-3.310604734513529
-3.478709774942529,-2.7291436954652606
-2.740167682733332,-2.618685102704674
-3.542857729166667,-3.400304598674593
-3.515797810087718,-2.678160398792132
-1.164725974880951,-1.3438215010420549
-3.368484574010416,-3.3718889324690893
-3.01341723506418,-2.9212112589483796
-3.445699688402298,-3.1599346054920177
-3.470441762583333,-3.0837251689669896
-3.485109903485633,-2.1995233739200946
-3.539705683390805,-3.0564776901068837
-2.936573535115207,-2.862788982945032
-2.962019529953918,-2.985507630054234
-3.269089943148148,-3.1099436371959324
-2.975287868991816,-2.8076031234502175
-2.545353250915833,-2.517592406518142
-2.747212031666667,-2.6907356181558657
-2.9249945003132183,-3.022348531604546
-2.8753473584564317,-2.5819299436097323
-2.4681971442656,-2.62271424651095
-2.990497551319998,-2.7043479481927037
-2.5794889398242717,-2.617979629651145
-2.5799472663841,-2.441008656200899
-2.7383832992900823,-2.40074778274657
-2.460696561812286,-2.27067262070991
-2.813434768360838,-2.4204412418165604
-3.40915579367615,-3.3089367838132295
-3.453196465191667,-3.3317649788418637
-2.290890454166668,-2.288018944028708
-3.0710154998659,-2.9500776128940815
-2.859622532877819,-2.820681326872804
-3.09867979938971,-2.911829230183396
-2.493995370064103,-1.9805458714396693
-3.077641947407407,-2.347557582047299
-2.543017806064814,-2.5444208985275765
-2.542238215648147,-2.54667869427159
-2.542908213009259,-2.5657718192289356
-2.909459797539378,-2.969490619062401
-2.8406343702463053,-2.765735524203578
-2.453007534826389,-2.3887393497877922
-3.234794147555556,-2.6564261662339343
-1.782830182499999,-1.0982827040161796
-1.6436317724999991,-0.911199491565574
-1.742467646153847,-2.0284255028999367
-1.554290825714286,-1.9745377123928913
-1.655812901571428,-2.089382135977233
-1.691936952499999,-2.588474971656213
-1.5484322495,-1.5556832004868155
-1.65685013375,-1.9705800004793488
-1.514598883249999,-3.1077507856128572
-2.502442132420636,-2.626858404891226
-2.365424036666665,-2.022582655969018
-1.514723342499999,-1.6926549866678524
-2.411118379999999,-1.926179443178887
-1.508625937142857,-1.762783316551775
-1.4026716684999991,-1.9331931183572133
-2.344368486249999,-1.4318604442297258
-1.406269965,-1.7100779636300723
-1.615806477142857,-2.3486972635144165
-0.6296727461904751,-1.2633053927125972
-1.358329433749999,-1.6639950934720316
-1.511384045624999,-1.9263140262768266
-1.920064570277778,-2.8503788686929097
-1.30145586428571,-1.7465301733911922
-1.859907702999998,-2.121470426429016
-1.585691002499999,-2.033785673451402
-1.812183131908868,-1.994827972844101
-1.484925502999999,-1.6151582603019141
-1.855629735123153,-1.8725089288401304
-1.6643879499999992,-2.269803981222645
-1.796845360837439,-1.9893825938690157
-1.5131586815625,-2.0942219570081146
-1.50242969321875,-2.439839258948268
-1.634294573571427,-2.280531413488502
-2.090171973928572,-2.291847840463815
-1.736780186190475,-2.218797733693166
-1.261168915390624,-2.1972477452293235
-1.721061604586207,-1.8450459304611773
-1.356453151223957,-2.1337145507367508
-1.207956043461538,-2.188916751738743
-1.383307025499999,-1.9585911117092965
-0.6901034161904751,-1.0264264609651987
-2.6564697375,-2.354423790276441
-1.524500535,-2.2169499485937654
-1.079197937857143,-1.597722881575839
-1.9881510799553568,-1.9461672441321736
-2.172382323705358,-2.267682787318522
-1.516638768928571,-1.8155804925510899
-1.874977739999999,-1.898515530701855
-1.996423915544217,-2.063425277372228
-2.313944772662337,-2.6671658276418464
-1.995109257623152,-2.018609643973636
-2.202309038446429,-2.536450091640613
-2.238952221696429,-2.5726509736829617
-2.560559837446428,-2.694952368975172
-2.565611808749999,-2.3405407520346557
-2.734839720624999,-2.722043936538858
-2.576745297499999,-2.7144754473975263
-2.585389678125,-2.713058756758693
-2.58625491,-2.6905640894521015
-2.8368557281249998,-2.738359682324672
-2.7441043475,-2.7855791214830328
-2.7592335546875,-2.7371431628099683
-2.803132729999999,-2.8060156721817924
-2.817537044687499,-2.8613733628508307
-2.937331084374999,-2.8631755142096327
-2.902228524765624,-2.906388556795529
-2.901272248984375,-2.912408056320376
-2.92297475890625,-2.9296439315866736
-2.833410278359374,-2.8339973174855575
-2.929576829218749,-2.813690104114528
-2.913395161249999,-2.86611452885554
-2.989550505625,-2.9317511108197087
-2.000947915625,-1.9713017536247506
-1.6420332431818192,-2.110166097005623
-2.482969246939395,-2.071106517053566
-2.792231181406251,-2.723198609590036
-1.9803117193849191,-2.069186286759713
-2.595199219273809,-2.028878696491322
-2.546457344545361,-2.475686454439894
-1.524946605681818,-2.0627340384104174
-1.802132167766457,-2.0329528137691595
-1.8729343455,-2.4234000308072257
-1.9369517235,-2.066263170208809
-1.013288228958334,-1.5122345170087956
-2.038393132499999,-2.765275224307955
-1.76502496875,-1.9751809816474255
-2.078048157435063,-2.3125320085251393
-2.027847735187074,-2.247654466472117
-2.302546977393617,-1.8758734423967658
-1.457662950277777,-1.5569632359878967
-1.523463289879386,-2.4160165498688846
-1.331805404751552,-2.139893246912438
-2.6416847680208333,-2.3833764831193496
-2.895303922843137,-2.7042347512525104
-1.92458627646875,-2.3193665686043463
-0.9233586538461532,-2.4465320456177135
-1.117110082333332,-1.8414045911338068
-0.606918752333334,-1.0805203223152302
-2.9006005837931053,-2.878230248608078
-2.895180879999999,-2.856204917198358
-1.8797169484999992,-2.372595508268173
-1.7769986075,-2.2451160817873888
-1.938722734250001,-2.099778657722264
-2.238498679741379,-2.1903666468255607
-2.7231895517931037,-2.907611679205871
-2.3650328105,-3.1976008580831756
-1.469007309230769,-1.8913457031982972
-2.430006319920634,-2.5453011205653517
-2.705025007068965,-2.71051379219559
-2.932553191048087,-2.477120179927486
-2.247044126029412,-2.4783008841084126
-3.216124539311112,-2.6495295694499443
-1.928433229601806,-2.1859679019254123
-1.765172062962962,-3.0122200071146303
-1.6681897034375002,-2.273789643639635
-1.3694334009375,-1.561400720198983
-2.946104038647059,-2.4480564408612002
-2.563757862187501,-2.4669268899990815
-2.37838299,-2.1370090420683048
-2.540851810510203,-2.5040700445740836
-2.315349659707792,-2.762769026341299
-2.3813534812987,-2.6484944711172433
-2.924281693809524,-2.214932596367937
-1.134069161999999,-2.748079565981587
-2.202175859285713,-2.8857208120011744
-2.612324040000001,-2.4027314526853414
-3.261105067916666,-2.643101526054356
-1.539463170999999,-1.7161137164937412
-1.049054579821428,-1.6348399089514154
-2.381144441607142,-2.5965706446905066
-1.732380881562499,-2.2858591287014782
-1.683771338333335,-2.5704117305696816
-1.4055240569047611,-2.5386640219192347
-2.208525322619047,-2.3782731574002
-2.790532731875,-2.806866486521846
-2.7635238734375003,-2.752583921831896
-2.48463556021739,-2.9138503025219866
-2.201177479480519,-2.3344429958606945
-1.543669575192307,-2.240017100283536
-2.389107049090908,-2.2063237482536673
-2.625459605008141,-2.216710825544319
-2.447972801910919,-2.16700686322746
-2.6195551121037512,-2.0917580082059954
-2.422427176125,-2.1907960329474143
-1.665145930625001,-1.7991145984706416
-1.78119778046875,-2.533874983768429
-2.531037520841836,-2.7404615288694836
-2.413265474455781,-2.223518412127416
-3.283035360833333,-3.2503717495208915
-2.230723381666666,-2.0708134093953476
-2.225629343333333,-2.107054458325173
-2.012926087142856,-1.8930544125863549
-2.4034193645,-2.5692466575863313
-2.4251186015,-2.772026393720243
-1.169293312321428,-2.5769280586061547
-2.6843851061379302,-2.367411655622519
-2.414061129583333,-2.2927241584694302
-2.579731149404761,-2.513132096732606
-2.097709582852873,-1.4449324966699706
-2.484813785663265,-2.5222346265069473
-2.675934156818181,-2.8301515207556496
-2.494666368455883,-2.409419594588869
-1.882118766838236,-2.0615862707517376
-2.549857063946079,-2.5520926061855294
-2.760095875549082,-2.7236786646135243
-2.910969974329569,-2.867147872851695
-2.88691693790134,-2.6007766084147974
-3.124625685729597,-2.5627933024640384
-1.577256675416665,-1.2352153776293189
-1.637402389562808,-1.7068139169099494
-1.864718904565815,-1.8293093445886346
-1.492503597956989,-2.13697770069827
-1.275271332941176,-1.2259418964774937
-1.400400958499999,-1.0819005106057233
-1.141515961017627,-1.2607640214291806
-0.786265804523809,-0.9539477060827217
-2.0373746340625,-2.0396330500794955
-1.285286382435897,-1.0787315884005402
-1.833622656186826,-1.669510303879984
-1.403057544977272,-2.07775726481932
-1.576545708343596,-1.221547601395938
-2.257447842865148,-2.256636594014745
-1.22748029525641,-0.9474012245538573
-1.425941396580575,-1.8215697139152645
-2.413626605753695,-2.2685432129795253
-2.455432480563219,-2.35539718201806
-2.645673866011192,-2.3606408007767015
-0.9232913530999992,-1.235043674142792
-1.964399026280332,-2.287635148238624
-2.26806407706737,-2.237732962519116
-2.384043948831993,-2.611844365209926
-1.534938787221485,-1.8400840021642575
-1.476442451,-1.5770766267057623
-1.645869453839285,-1.6233130275480978
-1.495038618121692,-1.3700700506699985
-1.452290413916666,-1.0334115867076072
-1.748158874062499,-1.672804348153121
-2.372426702659584,-2.2636930160401136
-2.042817192321427,-2.2293319899895097
-2.506611432225,-2.5014042101973772
-2.417495878343253,-2.2384658048582478
-3.0144740885,-2.9643013993341056
-3.017289100228173,-2.51297107025534
-2.956322597173645,-2.565742687106688
-2.366443226510988,-2.376960114047353
-1.238685679979999,-2.7502569074231538
-2.498860245809524,-1.7256114422764999
-2.366746454323979,-1.8484675793440248
-2.194736298520408,-2.516120888500464
-2.19890513119898,-2.2196255187270784
-1.448516387361112,-2.120212847659601
-1.421134303455459,-2.1530739635185716
-2.4683060555000003,-2.51932978041064
-2.697073331264238,-2.694792440515507
-2.759640326528325,-2.634617101569348
-2.42305165673666,-2.3521327621188113
-0.689668168645833,-0.9715218197099381
-2.248486059573983,-2.27520911386577
-2.236124760517998,-2.2158251743005706
-2.749621160123261,-2.655677876712752
-2.662954230540371,-2.4509788713323437
-2.660294481556631,-2.490705201162178
-2.327682180873564,-2.298280585285061
-2.862920217386611,-2.6619338107306887
-2.517501281046183,-2.6563100585146784
-2.482680919296182,-2.4726443097842896
-2.9839192161981,-2.8069053290521517
-2.401978008374385,-2.527060789162595
-1.28331667281746,-1.2887803444604418
-0.669908798289474,-2.254090115795104
-1.139769521169643,-1.914373444137369
-0.953135102087054,-1.0306216676722064
-0.6496229473076921,-0.504193604357115
-1.9324930320754712,-2.6535195204363693
-1.069920590595237,-1.1545301476427674
-0.6624066674999991,-1.1016607389455475
-3.245689009728448,-2.9474574019559157
-1.000711493122119,-1.0861437562740974
-3.175020719818966,-2.8906279224671145
-2.438866886706896,-2.4434805907233708
-2.599252987296183,-2.5220192876711884
-2.600969309796183,-2.460336073697747
-2.128032235408349,-2.3507925188677903
-2.291880640414615,-2.398797421181114
-2.43277538433692,-2.4383982211275166
-2.600703804032567,-2.4601992017450653
-2.643764714171182,-2.5066438387414642
-1.318862366821428,-1.1406354950478483
-1.206286373528369,-1.0807671164732076
-0.240470589340909,-0.5040088108243042
-0.23378758225,-0.7630222810610754
-0.872966430008796,-0.7648121735946197
-1.7189394599999992,-2.3411768618274245
-2.421369859999999,-2.4924033041116442
-2.336499953571428,-2.401355965523506
-1.698470631108374,-1.9056790901147074
-1.6091611857692292,-2.4275630179769716
-1.732994565454546,-2.187675544445876
-1.819067989522548,-1.819037541180745
-1.821166763703704,-1.9975720777943426
-2.022087633080358,-1.6791544329344161
-2.43280572232144,-2.3854972387675457
-2.8553027550000003,-2.8332226239534606
-1.99677531705665,-1.9723895070176287
-1.5389567807894742,-1.829200533826249
-1.523950066499999,-2.0113057892627197
-2.216480632733334,-2.1023425853014617
-2.436844664733334,-2.3005315504923907
-2.159649673733333,-2.4099391600823963
-1.337125880357142,-1.7311746127491914
-1.7950848297619042,-2.3156236887588637
-1.590389966979167,-2.2246615805211243
-1.471080410166666,-1.72524925875918
-2.040496877894737,-2.286043872758911
-2.601062935714285,-2.4423318530779032
-1.8486232055,-2.102682404630158
-1.803126515499999,-2.089344207291512
-1.6031525725,-2.069198607215086
-2.133396847884615,-2.213279804594784
-2.129064480961537,-2.1164989283997837
-1.982760088793103,-2.1834645317031147
-2.39990686653846,-3.0996658429730384
-1.980249881956896,-2.515056294475068
-1.9875375465,-2.6585889771704285
-2.521481432915057,-2.880276159792489
-2.245991709642858,-2.040735604012426
-1.450949288367457,-1.3583155825597757
-1.553040872010581,-1.6626259140117434
-2.070288811923077,-2.2838753374462484
-2.500648523499116,-2.0282140677244596
-2.487365968846153,-1.884359052639696
-1.986755851249999,-2.0017511225240945
-2.115679238988095,-2.3975170705560687
-1.926938866448276,-1.7560310818810911
-1.471354537380567,-1.7796361697383198
-2.130953433464286,-2.9757021811625357
-1.93347865076923,-2.336812633330343
-2.343505630294117,-2.768529770833369
-2.168825209117646,-2.059571324211565
-1.832763492543859,-1.8837050048558464
-1.393759417407407,-2.2304431661773996
-1.91329851978022,-2.1227662792867297
-1.957990564202586,-2.4257946999740514
-1.8570541250000008,-1.910058102859747
-2.726828181591179,-2.520949095810764
-2.846146922633096,-2.614351836075361
-2.765930212961139,-2.7083405470564834
-2.372955266442205,-2.1715034915662366
-1.355215636666666,-2.0531099759976232
-2.158206736453202,-2.4555627378499825
-2.609278636428571,-2.495521945000363
-2.886118720037834,-2.525497268022904
-2.066677856746068,-2.7284386772146534
-2.078773645035541,-2.6696945567562955
-2.283918582795882,-2.284257563332889
-2.275214512144397,-2.421021509691406
-2.177992453618915,-2.5054568187686495
-2.279723297879826,-2.2674441437834165
-1.972517397599777,-2.1551322221233433
-2.343945227229406,-2.762610675053328
-2.504339353417489,-2.6018471708301534
-2.40864178516352,-2.527148764996333
-2.481702234052409,-2.4982387423281645
-2.379242994081258,-2.5153243467906177
-2.75333336933828,-2.695017461920103
-2.791863296167547,-2.7196330437024168
-2.5838320873260843,-2.510357740711976
-2.6135361895365463,-2.6695817256256755
-2.6686730043992557,-2.5001199185344674
-2.598224805520662,-2.5411335209918056
-2.548187982519397,-2.411948297187028
-1.989436172575124,-2.1587311111937324
-1.795891473647474,-1.9194924329687564
-2.384709992477954,-2.667382291893148
-1.8462847241666671,-1.9858093553617837
-1.9894201150492608,-2.1265301332363746
-1.799939052142857,-2.3866958835004795
-1.708242246055554,-1.8250363205142808
-2.280094912575757,-2.339330820828755
-1.8304135737499991,-1.950916689700836
-1.763953445,-2.1282854981924633
-2.081534421923078,-2.4558821336749648
-2.274162635530304,-2.267240783692715
-1.4903446624,-1.9212792012147326
-2.493647235234483,-2.2164165921223913
-1.749804721711822,-2.2830352604027557
-1.413042618333334,-1.2798550982266788
-1.6055884480769231,-2.320656141246465
-1.040632533055556,-1.2032915890815636
-1.065788290202704,-0.9010872636796777
-2.169112325757575,-2.165031911040837
-1.791645609844006,-1.8613853124009945
-2.537608858515742,-2.440536784110088
-2.399651391521739,-2.692257267257063
-2.594441004782608,-2.4064244666178265
-2.319237533511904,-2.689873988980222
-2.5314932842639752,-2.2544691683346296
-1.647804686486486,-1.9003417844620636
-1.8225214127027032,-1.953874237469887
-2.496662084340278,-2.790113386770825
-2.198904756,-2.5337930730242877
-2.535591127329192,-1.827361899353195
-1.967895756553277,-2.2801387771593578
-1.968685670179403,-2.2301402299290194
-2.896019167344112,-2.6595715767482733
-1.246342115086207,-1.9892249051763111
-2.067547075622857,-2.134892612705642
-2.4659514954894832,-2.6693444595115445
-2.524743170192308,-2.788368927849081
-1.794677381073048,-2.144772109534395
-1.4715705341875,-1.9494673775933513
-2.030420804809391,-2.5548666865343437
-2.289779920004515,-2.4406408100410806
-2.136588896665229,-2.520318496721988
-2.213486800800383,-2.3616931168299207
-2.046495011965366,-2.434677534145243
-2.105111448766744,-2.375504102943899
-2.216792246307472,-2.339201867056135
-2.006600881476057,-2.333923965572855
-2.235462105203203,-2.384676232447204
-2.389002616592091,-2.387431821898288
-2.551533359683808,-2.503270735396849
-3.103591203784482,-2.885102047216694
-0.8402238242336311,-1.5977522354448699
-0.8835622123433581,-0.9763027886592021
-1.8204372597931031,-1.9568634981714355
-2.465044959977778,-2.9295766828370025
-2.049996815666667,-2.1502130071648575
-2.137268141666667,-2.089684913485417
-1.6252489201649172,-2.314609762308783
-1.8121479501315791,-2.004920329692529
-2.189462340512821,-2.0876605832799258
-2.081211458787375,-2.0439295003831055
-0.75109337447205,-2.219674440391207
-2.748544377696969,-2.5433260562330844
-2.580857390736657,-2.538912127056716
-1.818150035809949,-1.893854743952991
-2.6890353066304358,-2.442740698612704
-2.5511933320504463,-2.3036332582699606
-1.323343830755555,-1.3496685118959177
-2.197393672217693,-2.363036343256726
-2.246216147388374,-2.506420942777125
-2.400851667195169,-2.7463440445832754
-2.049595973546521,-2.2149903630849472
-1.927699616122743,-2.0924966801725953
-2.265035135326956,-2.361947108567725
-2.560715657379801,-2.443051110523895
-2.474003614268715,-2.463381382124217
-2.612049407156224,-2.5998599270801988
-2.2877535580098822,-2.2660742798146494
-1.600505080725108,-1.8524028124401766
-2.299249949613027,-2.5250722606651013
-2.257870107250454,-2.5389968964050276
-2.59239878157792,-2.6008101720416943
-2.631344792921833,-2.6492774483198005
-2.453126344707013,-2.4892529479605146
-2.476963229027277,-2.436597853425699
-2.433343929123335,-2.2291974985531486
-2.677563695142577,-2.583561462477
-2.702806389085666,-2.643807251584401
-2.755193235110978,-2.5370087571603688
-2.680745175369236,-2.369254902755535
-1.695626076388385,-1.7075507383144137
-2.235991884585086,-2.3080860594926507
-2.44854426603526,-2.349332475844719
-1.728494229299999,-1.7832668464695056
-2.264552095465116,-2.3157893427944836
-2.254853084999999,-2.3013953680642745
-2.247060322209301,-2.249901711744131
-2.235726160348838,-2.2068612564618433
-2.155706583035714,-2.064828753280282
-1.661163111130951,-1.7853043404685176
-2.627077743431373,-3.097922761238578
-2.291742062068965,-2.4157809963676162
-2.086058915999484,-2.4514982530842815
-2.192223352542404,-2.2946552644095566
-1.9406015284374991,-1.8842941278284295
-1.572193962642857,-2.0353048293624805
-2.604906837728727,-2.603835080340781
-1.922757228674242,-2.112738500853051
-2.100468396948924,-1.8200146461881226
-2.994306925637253,-2.9877326324108204
-2.987297528937907,-2.7653325185358066
-2.625336529795771,-2.370637073242367
-2.815587652795791,-2.7256414424247
-2.538753635232187,-2.4884790598525335
-2.582264737224458,-2.6713457188143606
-2.529561070776711,-2.678805008577552
-2.327488557519396,-2.3147948660830786
-2.441459212217981,-2.550123236080053
-2.326870136946588,-2.375071344529947
-1.980675203760485,-2.3009054600074266
-2.240003431423398,-2.276909507463915
-2.4222893893052757,-2.2931662103992654
-2.069138586358833,-2.1028850816183495
-2.160058521683245,-2.494010303485274
-2.275572757336441,-2.3480831468649286
-1.905092613124999,-1.802631860293102
-2.183169171249999,-1.6613180001580607
-2.1830396425,-2.1646623375433474
-2.148191463392856,-2.329745652087843
-2.182813755,-2.1837824484375012
-1.444037695357142,-1.7385431116643661
-2.000066452499999,-2.2433918161924145
-2.7614866235,-2.361121966636073
-1.706017954871795,-2.0098148354260243
-2.368276874365079,-1.9816155559741653
-2.63203482,-2.632364899974746
-1.939226295555555,-2.6807854192473894
-2.252165459187195,-2.443346051039091
-1.985844491666664,-2.445959327151196
-2.216569472988496,-2.403235140155082
-2.617574869880952,-1.9878216507981015
-2.576855095238095,-2.0526377840614543
-1.314754897664576,-2.1217613864462908
-1.734877521458333,-2.2401201609527703
-3.0564188535,-2.829232034455089
-3.656475647368419,-2.7114811994716446
-3.757400671578949,-3.3473284199319586
-2.781807325555555,-1.8203821401264786
-2.352370269523809,-2.504839987436157
-2.635737876874999,-2.6429501331120333
-3.271665412222223,-3.192129978022532
-1.683840529999999,-1.7106586518500213
-3.265821364583333,-2.9777050391901994
-3.284994044722223,-3.047788332219524
-1.58007927,-1.3757130496851444
-2.002454528333332,-2.0883723647951022
-1.3930998846428562,-2.0385975333659268
-2.34247297592857,-2.333538658452664
-2.842336679250002,-2.717075669099973
-1.516747633125,-2.7214230330586493
-2.49551925217857,-2.5733757674618434
-1.35775522925,-2.12957877415685
-2.953807204891304,-2.7371277944046963
-3.13911347590909,-2.5415655076438335
-2.4090256549489792,-2.012155855463242
-2.252970350258624,-2.4933697545365203
-2.611401141499999,-2.58124539196695
-2.671978745,-1.9613148902031885
-2.387728043163264,-2.0744732720363337
-1.054589054166666,-0.8758011268081706
-1.6842622975,-1.6958704249724668
-2.631430944999999,-2.379747603488897
-1.844796655057471,-2.718969631056663
-2.726062027499999,-2.665710313023729
-2.92339574611111,-2.0560341955014065
-2.82741869728205,-2.243446845044194
-2.271280678,-2.7204046657998937
-2.423080994666666,-2.5367098850301635
-1.316920786666666,-1.2004169427354465
-1.71230936617647,-1.8186161044737197
-1.722604418749998,-2.8931317479640692
-2.451694534768062,-2.715016489456626
-2.754475379999999,-2.747858414334179
-2.736427652857142,-2.5015922672773088
-3.140708241666666,-2.681593263672675
-1.396247751805556,-1.810985840867222
-2.620267642,-2.5406855320661617
-2.510532092718254,-2.396497968717185
-2.674234792083333,-2.671580930075673
-2.862738325117188,-2.89378147377129
-2.953487171770833,-2.9495067964485524
-2.892533816363281,-2.846088005489526
-2.164270105,-2.0757496622301663
-1.817837299285713,-1.3416696580547913
-2.565399248000001,-2.761661816474621
-2.001801235454545,-2.2369324168251272
-2.6144862811666663,-2.766259686993322
-3.303500319318182,-3.1724461264926176
-2.695963664057473,-2.1741421818124342
-2.5029669032931032,-2.7036473277214803
-2.147282815999999,-2.2292098528281477
-2.6614614210000003,-2.5309288807850576
-2.767879497793102,-2.6307285984657414
-2.049667546666666,-1.973132453714028
-2.592941126227105,-2.6686525353584694
-2.481785948874459,-2.512490091746092
-2.513751785426587,-2.2572962007404542
-2.458567043022485,-2.513272885891205
-2.4743933683002632,-2.387299768426623
-2.501684165999999,-2.7135574114431273
-2.61009982,-2.8345310327759234
-3.005708996733332,-2.9233910125854883
-2.5634907219963363,-2.6135737083096884
-3.494618953249999,-3.0290051240376603
-2.528504003994707,-2.6564408042459497
-1.78390556891712,-2.398885330482641
-2.515488900105819,-2.5556527845615107
-2.456318507247023,-3.035131291985647
-2.600754128555555,-2.881625244770194
-2.485544567,-2.8353658351413666
-2.130965126070403,-2.0891482692286245
-3.384105871011903,-3.2586933281819435
-2.140387585211413,-2.107283151217611
-2.768614624,-2.8249757359229255
-2.665898297023808,-2.6660394648219357
-2.650735798214286,-2.538629958200657
-2.484585409329004,-2.6145037688769865
-2.26299334037037,-2.2924045886698434
-2.528076550939152,-2.6751029837544302
-2.961359405999999,-1.806643328311258
-3.031186916416666,-2.846227190016743
-3.0277438465,-2.993083404476901
-3.064883092000001,-2.4811051456394013
-3.217807823333333,-2.418490909991545
-2.516327713,-2.453139325819852
-2.788499068,-2.451453440363641
-2.536973467,-2.403195775576732
-2.976089123999999,-2.689428627717496
-2.746980555793102,-2.61230425540272
-2.127176590499999,-2.653591858335629
-2.9762325085,-2.5832318092286557
-2.455163073520407,-2.5640010323341005
-3.2388477625641032,-2.3775463387379183
-1.967244093333332,-2.4887884131714193
-2.486644476494708,-2.5707978558921525
-1.946543147440476,-2.119267810786146
-2.9806652965,-2.449105920817952
-2.539725121355818,-2.408158880864178
-2.28442717532967,-2.0424091791389953
-2.13753318775,-2.6083865042922403
-2.798301488571428,-2.90434560008834
-2.908011544090908,-2.5185755953345037
-2.313512528659004,-2.05719911876603
-3.264355978222221,-2.8905737073309354
-2.535004902931034,-2.4799079720810955
-2.624542423407408,-2.3758160527940873
-1.456945034285714,-1.4088258592653577
-1.834932342916666,-2.4411512060536107
-2.321442898998358,-2.440315026125719
-1.643474459583334,-1.7798028313533714
-1.985993528260188,-2.1585175929074203
-2.35602104042344,-2.4157810705445435
-1.729649354509804,-2.9523982272220213
-1.796778548039215,-2.633450135710664
-2.503374487063219,-2.1269660531927372
-2.5153591067711423,-2.5216269178118575
-2.90852691,-2.495599726135299
-2.921278307000001,-2.4578331919586147
-2.863966701637932,-3.033353197206005
-2.400677752974999,-2.3299715517828754
-2.4758118202249992,-2.3607602862278743
-2.417059763829366,-2.5171561405127525
-3.06318389525,-2.518026342234315
-3.082815178499999,-2.732068172868752
-3.029605672666668,-2.9855672861318197
-1.949403998944443,-2.530171493523597
-2.948251589,-2.56988540831381
-3.089476061499999,-2.9211337078314052
-2.568518454999998,-3.3030414538186044
-2.770024659387931,-2.739445918440214
-2.198747393293102,-2.5315166934473488
-2.934650456725001,-2.9871754793674308
-2.729330924225,-2.3670600907577093
-2.670369828793103,-2.6027471858859355
-2.479769923500001,-2.546295904757345
-2.745176341804598,-2.728854126593167
-2.470723776931033,-2.724394558889627
-2.8894737322250013,-2.8554906074777398
-2.866097438304598,-2.865829378497128
-2.551532033431033,-2.44325063647555
-2.646220813293102,-2.7991762167999372
-2.491905383518101,-2.562199615301627
-2.254171829225,-2.699137050634564
-2.908840125725,-2.8770900081812174
-2.9171231305000003,-2.6440440366798152
-2.289065352725,-2.5162485868414235
-2.857134713725001,-2.8088051066923545
-2.821527173975,-2.753422569602362
-2.908048487225001,-3.0792409960891454
-2.907371293891667,-2.833905117394377
-2.258981318293102,-2.6032341273636845
-2.233422985666665,-2.3611577539733344
-2.850150069637931,-2.752994763081958
-2.816409505,-2.6347249407447024
-2.502269565,-2.675485398371198
-2.826572723804597,-2.8294459687917284
-2.720576961666666,-2.526976917885635
-2.775029720474999,-2.778778010117815
-2.472534827891666,-2.590071741448702
-2.328046917724999,-3.0520306327817854
-1.9142296533045984,-2.7019839741759566
-2.347311471137931,-2.3173299688166056
-2.893126229475,-2.8652765986791224
-2.191172520637931,-2.4522128220486934
-2.2242444991379298,-2.455702294284911
-2.392013354975,-2.439854007326649
-2.673562475431033,-2.7873495707711538
-2.86962836088793,-2.8047613085245287
-2.8934589121379317,-2.897658937066626
-2.902156748975,-2.890963005813035
-2.85368200588793,-2.9132048706825002
-2.835596362304598,-2.837290176305157
-2.87159690113793,-2.883067208633439
-2.817152151224999,-2.7432980612228612
-3.0818066255,-2.9329471936834755
-2.924574945,-2.3727590498848348
-2.873693658141667,-2.8098964195175067
-1.995080728808333,-2.2646282310187633
-2.622371057499999,-2.896613684835768
-2.7854485645,-2.6642130938778026
-1.808668561428572,-1.6776238201793063
-0.6560413967965361,-1.0463983744448864
-1.711076903636365,-1.8762821791371187
-1.8559360234999984,-1.752209411114865
-2.918131446217949,-2.8090521677522666
-2.261390614852939,-1.958312070184024
-1.7097603472727272,-1.981808814759133
-2.766933634285714,-2.808146508848671
-2.561684609772726,-1.9900776793922565
-1.993140348181818,-2.115195799661676
-1.8863084309090912,-1.7693587624438327
-2.28143384151515,-2.518028313570832
-2.944704858076923,-2.827874330736114
-1.709974171818181,-2.0773483005021776
-2.87502678423077,-2.7037140971785107
-2.368096415452371,-2.6404988195164236
-3.664397379166666,-2.7999211194354943
-2.452776213863636,-2.170303873981396
-2.383806170785705,-2.1828464227405466
-2.175592248333333,-1.9962078287070677
-2.371722252499999,-2.2732003444910465
-1.949501537777777,-2.0169173629298314
-2.176394440416666,-2.8256662268986816
-2.231618975416667,-2.0557571967643997
-2.786216263461538,-2.6534688112064515
-2.757183219615384,-2.386864370730898
-2.548936966538462,-2.0329001597894067
-3.182130389035088,-2.7740426382061836
-2.022755498846153,-2.206496622677742
-2.054092540574712,-1.9786796517750163
-1.7288320035416662,-1.9013176755736225
-2.62765413311111,-2.3947640077152847
-2.379088800555556,-2.400599927756343
-2.164094584230768,-2.1403245909789455
-1.867671493421052,-1.9198646113259732
-2.078406794722221,-2.083341628163574
-2.254597890833333,-2.5472906055705984
-2.2839244916666672,-2.282612743459724
-2.111626893888888,-2.1049744025077284
-2.356633354305555,-2.4172097976344307
-2.39106424625,-2.4096473596905277
-2.180769027337163,-2.7128882262316223
-1.902841799861112,-2.4839904567148037
-1.9497189025,-1.8954579281058417
-2.6670425503749997,-2.619433258290075
-2.205425817083333,-2.7302779760948472
-2.506112064027777,-2.495086034577293
-2.631129690804597,-2.5709231908809618
-2.494713035277778,-2.4061672892716097
-2.152997771020833,-2.383129604885337
-2.660793796020833,-2.656984053103551
-2.425688540382206,-2.1301896877760735
-2.5753381615972213,-2.4475862713166414
-2.626815781111111,-2.34478493330228
-2.328499878472222,-2.447012375706564
-1.205330088461539,-1.2322556537377607
-2.642080600902778,-2.6285348996421574
-2.6389536358333343,-2.654820888455689
-2.123529234583333,-2.3097069795671348
-2.99070719425,-3.075425651874026
-2.972712194625,-2.608371609685083
-2.389250874827585,-2.5081029168715023
-1.895378828846153,-2.2074841800243017
-1.909514548779841,-1.4458189064762645
-2.449730271040101,-2.217895929708924
-2.40410607095238,-2.572968596018642
-1.687964050454545,-1.5838772258895404
-2.615712876020833,-2.5170840525504476
-2.174364754888887,-2.207388969033673
-2.484764637166667,-2.537247462281501
-2.391675183994253,-2.474553060528107
-2.577625835285713,-2.8977494701754836
-1.789098480294117,-1.8212867251601874
-2.591754704906609,-2.724455332914593
-2.584572300694444,-2.565525298772676
-2.5531686968,-2.3828942471159293
-2.819290158543103,-2.8468860734794474
-2.645146009111111,-2.412632729739637
-2.154911379749999,-2.011694562093832
-2.439466652820512,-2.4082024773809287
-1.98507320127451,-1.9619768421653743
-2.733762223666667,-2.7166257033976815
-2.271665628563218,-2.0009011410919855
-2.455900816166667,-2.661547033234332
-2.194766270063218,-2.066836241846868
-2.318009224666666,-2.1054398532563137
-2.028919469,-2.1490488017353564
-1.676746811586956,-1.9086583100690913
-1.278960019657142,-1.193054990075115
-3.180109680439182,-2.236098662384821
-2.191449979666666,-1.8285191885177101
-2.144808082619047,-2.484748573050951
-2.718723096833333,-2.480324369534981
-2.783384799264706,-2.695332255088207
-2.743790955784312,-2.7045243900942353
-2.7419752694117623,-2.71239716418577
-2.4933879026470582,-2.458835958404897
-2.735281426960783,-2.4852673018680758
-2.492457447058822,-2.4751425349802387
-2.702185727941176,-2.476023959583582
-2.076858201372548,-2.3541789053177644
-2.174916648676471,-2.3263422124550215
-2.858643893409091,-2.8874165337626545
-2.105263127156863,-2.2453253419644894
-2.145831934092592,-2.252424277477004
-2.528283801407563,-2.4440693315502515
-2.48712215017024,-2.647057771503782
-1.916007115797102,-2.5076620585075164
-2.584244107084548,-2.673451250640006
-2.211837189416666,-2.7151509574481256
-2.145264142842592,-2.419242343391028
-2.434332988771929,-2.4740844586642856
-2.935252344899999,-2.8454060748475802
-2.8197182021052623,-1.810734738318439
-2.685976911842105,-1.9528900543796486
-1.847010564032258,-3.1340964085092637
-2.8757239845,-3.125338838668024
-2.209617046764706,-2.1678605576157453
-2.404837353430737,-2.3942524358770494
-2.750815691206896,-1.9079117803275973
-2.783019298793103,-2.677563529871424
-2.746736669827585,-2.8721780627072944
-2.012550225773148,-2.0122039323037426
-2.405288176611406,-2.542423771465963
-2.359663203533332,-2.4011682591406047
-2.588629187,-2.5260301664231117
-2.556634299733332,-2.5468679482857675
-1.9707606386000007,-2.109784386887919
-1.949895136599999,-1.926621624212595
-2.555505676933334,-2.436578260140097
-2.164877700021552,-2.23858768067971
-2.465424308806817,-2.309481736669331
-1.869319161470587,-1.4537621277660815
-2.7370264375714277,-2.15485531343796
-2.29957594159043,-2.333733473641715
-2.7072173973611102,-2.057390253831305
-2.30208368290102,-2.321243788396835
-2.251534366312056,-2.128600641798744
-1.840291658472221,-2.658157576884413
-1.711632980555556,-1.8844033407482628
-2.673524001413042,-2.5672526419319817
-2.152346686041666,-2.06546455582011
-2.312223147048371,-1.938299608279828
-1.104791237172132,-1.5305833908577322
-1.4698512266237531,-1.6865537741835865
-2.170842546171876,-2.129792160942931
-2.168318533851501,-2.1537590071485155
-1.377719929166667,-1.7854777529262678
-1.047219747291667,-1.8676775190894561
-1.366247428437499,-1.6814049397503494
-1.443306155624999,-1.9459527269729688
-2.284867542777778,-1.9040979766333195
-1.429497391718749,-1.5292461240302273
-2.283289912057823,-2.0644276443404372
-1.6179980230000002,-2.2873487111087005
-2.723942009999999,-2.7436445617917427
-1.392491344666667,-1.879902254130267
-2.668206807055554,-2.0255425357799752
-1.8252071458333328,-1.7087929031378166
-2.699499099722223,-2.5400152509430978
-2.6656466278888877,-2.407144676642895
-2.727587684833334,-1.851155930268124
-2.024374163333334,-1.7732905535241226
-2.9764097588518883,-2.838990264422383
-1.4058890452857131,-1.7710442904760515
-1.4499855250775862,-1.133632181217194
-2.25726289067857,-2.271465160675408
-1.449070992327587,-1.108881623297939
-2.699800307999999,-2.5987246520945804
-1.473415271999999,-1.3372920631455727
-1.945558769642857,-2.310425354751547
-0.7766083889062491,-1.0963487146952906
-1.814673069583331,-1.5822740640400763
-1.166759557499999,-1.3082579091575455
-1.629391631166666,-2.312055850314966
-0.957926238776936,-0.9799991265833533
-1.9366310149999992,-1.2861821847885497
-1.9445848871428544,-1.843886997356109
-1.938034772797619,-1.6584344618650382
-1.84960027375,-1.4943347560539917
-0.990143166011992,-1.456663583742908
-0.805227481999999,-0.9171404964444827
-1.65218316861111,-2.1375336685365203
-1.297030737083333,-1.8499220551774156
-1.897924064999999,-1.3969824489950193
-0.440797775749999,-0.7110983369641113
-1.16911616875,-1.7519460479720832
-0.7228359908928591,-1.2281779669636719
-0.634293034880951,-0.8742934496192162
-0.5864483032291641,-1.0931998343668037
-0.59800247442857,-1.0651425171472026
-0.8898162174999981,-1.0066374639596483
-1.028660310969826,-1.0830191724491924
-0.941752772068964,-1.1695044720411927
-0.675927773749999,-0.6793553496679284
-0.331953381136363,-1.3514500095144497
-0.157123689558823,-0.8398832877907705
-0.062183859464286,-1.6401267092821397
-0.145418426979168,-1.3392219517354602
-1.059891513023255,-1.422483643694672
-0.57318698131579,-1.0698819766358536
-0.485923666714286,-0.6893138670944013
-1.3381478864705891,-2.1089596979193836
-2.001402373552631,-2.031721172554607
-1.049852822777775,-1.029239991199373
-1.417398167656249,-1.6854598671335934
-0.846672005354523,-1.0131235035266888
-0.6063728729479201,-1.4019765008641718
-2.7123131624999983,-2.5146464698196325
-0.7821896131392031,-0.8830612730767294
-0.9906951723163412,-0.970034232357835
-0.982757931657609,-1.0084677695152071
-0.9624453570312492,-0.962403359285778
-0.9623385472395832,-0.9623700762479904
-0.962185640870535,-0.9621591826590634
-0.9624897537139432,-0.9650629546151448
-0.9624981687276772,-0.9624154899094882
-0.962698349620534,-0.9631332629849882
-0.962227519947916,-0.9622435943451317
-0.962668218281249,-0.9618686045396209
-0.9615223076562512,-0.9568578987646731
-0.96234980615625,-0.9623486252080748
-0.9626265420880672,-1.0446182860138864
-0.9622242404687512,-0.9828287665322198
-0.96210786590625,-0.9620932172768579
-0.950153417596726,-0.9504243294022815
-0.961893837906249,-1.0542758814753184
-0.950067656763392,-0.9579407820757687
-0.9114680992633932,-1.0167771997860284
-0.9109926692633932,-1.489503471584869
-0.9624634303348212,-1.0394821286204663
-0.497663441813341,-1.1476163638313082
-1.063253166253255,-2.1748182758484833
-1.929540753137753,-1.084906070246935
-1.908657817916665,-1.447785905063938
-1.967549414464284,-1.3663492632018022
-1.956923562440475,-1.7958480355849633
-1.12113786877112,-1.1257425616501022
-1.060207458174602,-1.0599462258215033
-1.058057035841269,-1.1347271083570114
-0.5570410568290031,-1.1921808457936465
-1.267659303942527,-1.162182956641689
-1.847556420420382,-1.5251423090596516
-0.6447761691156451,-1.3195890999836457
-0.919062430156248,-0.9877359849864977
-0.601970757031249,-0.9950675960711548
-0.629615587291665,-0.86901485358857
-0.251050591578947,-0.584132767185939
-0.124434516607143,-1.577901914432228
-1.076961660848216,-1.8251546498586755
-1.115347805133928,-1.3352369338240786
-0.992880099960936,-0.9410331837054424
-0.757721297752981,-1.074676566011628
-1.127193869895833,-2.55503053218317
-0.561067944889945,-1.5370172499047694
-1.136847983588539,-1.052175984683637
-1.001582459347289,-1.0054799676915547
-1.001299568399014,-1.0678579852446284
-0.5754768811999991,-0.8977033689220464
-1.002539097192117,-1.1139026460438204
-1.069322186749999,-1.0205828735898037
-1.025126950234373,-0.9677757180098614
-0.972515505096072,-0.9839597978874373
-0.966142545208332,-1.035773293790229
-0.961729200763888,-0.9933237819597922
-0.963753305208333,-1.1104768155695062
-0.917551441874999,-0.9214314797505508
-0.921465910208333,-0.8928665040867615
-0.9006355102083311,-0.9141417104427612
-0.8404508322916651,-0.8017102589917028
-1.232732893958333,-1.288711189714029
-1.107187294166664,-0.7853269828257108
-0.829742180624997,-0.8213480143293894
-0.70068885892857,-1.4295289148877584
-0.6501523090972351,-0.6551980590459044
-0.634484697083332,-0.6363392948278981
-0.8373537066666701,-0.8365646195380478
-0.6200756337500001,-0.6338007365793417
-0.634218371249999,-0.6342071292210122
-0.8198076375000051,-0.8423195640172151
-0.740132319791664,-0.7401775644655764
-0.83676490916667,-0.8361811230751846
-0.723326960624997,-0.7195645896240914
-0.8196873466666711,-0.8194431542934828
-0.288275896302086,-0.3545243544984164
-0.740266770624998,-0.7433141741123152
-0.7992934166666711,-0.792466869607411
-0.279493332135411,-0.27929848780570005
-0.651023487083331,-0.6518380131204716
-0.650622618750001,-0.651825883355979
-1.8437138328571407,-1.2278367853115426
-0.352359797812506,-0.41930426088096007
-0.367152636145836,-0.38500229176517636
-0.352221724479169,-0.42283901508265725
-0.420104473229168,-0.4196201007110542
-0.367210986145839,-0.3863362994678482
-0.387340876145837,-0.3903343099626391
-0.442253374895836,-0.4171007576890893
-0.933777742986109,-0.949085579716246
-0.7477313080729141,-0.7872813253948362
-1.010590758166664,-0.9187100167074194
-0.823738019375007,-0.8237363026977714
-0.5133428854166671,-0.6904206973459275
-0.877137117708334,-0.8826657721949603
-0.942004078541666,-0.9267699180970727
-2.060545179210528,-2.204879176465006
-0.858037869166662,-0.8438170016802506
-0.7785348014583341,-0.7525774321310547
-0.7613751056249991,-0.7609518858786227
-0.7100227383333501,-0.707723383365052
-0.761394988958334,-0.7612738072192018
-0.778148308124999,-0.7765713396528521
-0.857762560833329,-0.8583291005122402
-0.840809760833328,-0.8016065395584981
-0.7623187422916661,-0.629907038180587
-0.354625813802087,-0.3744345760168629
-0.356347097135421,-0.3594562901053017
-0.445730549062503,-0.43506141200105947
-1.028787831048386,-1.7803835061341544
-0.8826962018750011,-1.3159644286812762
-0.876131626874998,-1.1289359901676088
-0.8835800085416661,-1.1398520448607186
-0.843306107589284,-1.5495814257487361
-1.140345156666665,-1.3880262187264873
-0.7289454831250161,-0.7271667311775485
-0.7325418422916711,-1.29275159366889
-1.292604697916666,-1.345885686691268
-0.416558725482387,-0.5969989045850588
-1.016609358749999,-1.5523467573049075
-1.78375988642857,-1.2934722175380193
-0.8843155786111101,-2.455484682088567
-1.60526750890625,-1.4520544027410545
-1.5839011539062322,-1.8239011665459255
-0.531011361458332,-0.9743224143180467
-1.582563287239565,-1.7954447449750497
-0.398226909609373,-1.0555719232357155
-1.1922166877083331,-1.7600659711181965
-1.167115974464285,-1.018320997998321
-0.830338955277776,-0.9361402293210643
-0.347393063281248,-1.0055993457620254
-0.88267131861111,-2.32759304449823
-0.112988973298608,-1.3796289613541395
-1.304164604999999,-1.3118120351645108
-2.261026764375,-1.3042309654748137
-2.240809981041666,-2.1805403128841574
-1.500729313183908,-1.8816343274690495
-0.83818765572857,-0.9342692205389774
-1.1090711564285711,-1.150107936036914
-1.725559871874999,-1.6606787790240847
-1.725180789375,-1.774365132811366
-1.801121410208332,-1.563760129873221
-1.702203746041664,-1.581220323048341
-1.850407739791665,-1.900516211231842
-1.212026485714284,-0.9748937937749295
-1.34434975736111,-1.1622798164928025
-0.623689597239607,-0.7183211397903922
-1.59567004361111,-1.9833749973817312
-0.632859902812501,-0.9256125793323597
-1.138392086071427,-0.9597304909565828
-1.106043159642857,-0.9337166590493527
-1.101239030714284,-1.065674496677475
-1.109738711071428,-0.9567993400541622
-1.5784127148958351,-1.8185715325194725
-1.871221602812499,-1.6833693898001696
-1.884023039062499,-1.5677022645127914
-1.958406533749999,-1.4793632719509549
-1.345554992083332,-1.218310794643579
-1.436033395646551,-1.125382591910976
-1.5218820332916652,-1.423022113511044
-0.4460697606746,-0.5556994386490833
-0.827129019330869,-0.9760325328542466
-1.2642837243124991,-1.185413966913861
-0.5585588987499971,-0.6516045239286512
-0.70224098595238,-0.9351108022113516
-1.859828576688218,-2.045232470263541
-1.632068392857142,-1.977588685842548
-1.86774612627984,-2.562058785090264
-0.202370627391304,-1.180098498662567
-2.2969254753125,-2.019611852922826
-2.023437850238095,-1.9148437695514555
-1.424111553924731,-1.9245681039249782
-1.984851546666666,-1.8132612560889174
-1.444932398920453,-1.79719099344751
-1.892037640484913,-1.789722971704698
-0.1858203622,-0.6298003865100043
-0.401774388785713,-0.6897888826200917
-2.300087497698412,-2.111151445074071
-2.283921263730158,-2.2709488046219493
-2.268548014444443,-2.277556554820706
-1.56695427861111,-2.2086385679008416
-1.685296834411764,-1.855552641079545
-2.016900431974998,-0.9423745424205745
-0.7070208604761911,-1.4999382223870952
-1.623960138445945,-2.0886573774166632
-0.8750415245000001,-1.4876001536303305
-0.3850210209375,-1.6293875760007934
-0.150157121354165,-0.9998914060926528
-1.249093776785713,-1.6077895143605314
-0.901641044809522,-1.0702149284372775
-0.322008147553661,-1.2113940284777436
-1.407019940499998,-0.854162140904984
-1.365839721777777,-0.8562193830257854
-1.4406986949444431,-0.8214289365458604
-0.9977921768749992,-0.8669607733738556
-0.6907289724642851,-0.7735472467164028
-0.6649741893750001,-1.428751656969796
-0.650443175991378,-0.7708965566354099
-0.8950080144583331,-0.9566552361936518
-0.835969439874999,-0.9779481160774823
-0.8801543284913791,-0.7818527271311646
-0.843794971249999,-0.8503879797983714
-0.7876838114062531,-0.9252121300496615
-2.151978576428571,-1.987309616594635
-1.761879871141975,-2.0983541553512937
-1.634150834188596,-1.6586623251765946
-0.259151417949865,-0.6144955116579807
-1.001287381919642,-1.0288748863128654
-0.999781351681546,-1.0932715139804292
-1.070074541041667,-2.098093288465973
-1.218905568534482,-1.0454851472926132
-1.308857779999999,-0.8795012136440903
-0.244692978285076,-0.8058089192291852
-0.49954658142857,-0.9514925286169746
-1.426628589384467,-1.343378342756274
-1.323273260530303,-1.4356907128097587
-0.591569599946236,-0.9878249592048043
-1.7307985233871102,-1.8913177096250484
-1.319305894924243,-2.0579602275378837
-1.766453812733078,-1.820812123706071
-0.6713005449074071,-1.3092857363460337
-1.654775573614033,-1.3388818716103885
-1.653754342210524,-1.321332320462191
-0.940423624672412,-1.278241042307693
-0.570816937974999,-1.0803151213079276
-1.654672769929822,-1.3847245955887217
-1.56637157375,-1.8382379317877422
-1.7535547827922051,-1.5567229654301251
-1.8012154540064662,-2.435985564695939
-0.564142797424242,-1.185121121575958
-0.920144984583333,-0.795967649871735
-1.026826849464285,-1.5718332584672385
-1.159218472499999,-2.086829064008725
-1.017452068125,-1.0025065486940083
-1.679508841931817,-2.0070451734078447
-1.016831059374999,-1.6995980564953248
-0.367511936329367,-0.6832033762535428
-1.220141967738095,-0.8777638888210199
-0.9072318346071412,-0.9554246276320072
-1.520311703796295,-1.0627995856447259
-0.6606458676388891,-0.6038096668182368
-1.572790915555555,-1.6077833755428486
-0.488263354642857,-1.149404951502499
-1.930319004138889,-1.9522640332674006
-0.334771695921052,-1.8695289383614533
-0.396640713823529,-2.3147109917196627
-0.6317526160208331,-1.3250730956936099
-1.000889814000002,-1.0334907323389764
-0.279659680562502,-0.5552343651751632
-0.331928132562501,-0.5739491496005589
-1.338651716499998,-2.0480250506099806
-0.9931693569642852,-0.7189910736327445
-1.6790832018541662,-1.3909854576484029
-0.404265913687493,-0.6224416625581073
-1.803025003020832,-1.3828406655209584
-0.7909075052083331,-0.8837877070737742
-1.835694940601852,-2.019962705773763
-1.891518465745614,-2.027130277784221
-1.747949736363637,-2.646100762016811
-1.909450085204342,-2.243398247426403
-2.28796901979885,-2.059639300190671
-1.6077196255681812,-1.3825629382990623
-0.543611483541666,-0.6813892114136465
-0.113987609548606,-0.8489794373800269
-0.031248214826386,-1.1275365614621196
-0.55629623245533,-1.6369505200334666
-1.7662705945,-2.2730454765883685
-2.196588894095394,-2.1698679871917124
-1.949275281822368,-2.5686554568718494
-0.531450055028408,-1.0621395692602176
-1.094728286875,-1.248273272425576
-0.6839663625000001,-0.7516506156616647
-0.947195010238094,-1.122363218855661
-0.5932567766666671,-0.7468527451067202
-0.854614326406252,-0.903922970489536
-0.7487085776562501,-0.9138347225508414
-0.916042127083332,-1.0184822594999445
-0.9082068291666652,-1.1861643828501802
-1.105060973888888,-1.36334178557019
-0.670336395937499,-0.736477936352919
-1.032834377276785,-1.3141257156456414
-1.08431241392857,-1.2549751491720271
-0.5820723845833351,-0.962225665400917
-0.5444094793750031,-0.9916853655395327
-1.028366944999999,-1.2190790257745967
-0.94193883845238,-1.3794182533626291
-1.185465697166666,-1.108340439566873
-0.370526280104167,-1.4950587954192465
-1.202930125166666,-1.3489819412227648
-1.214717166791666,-1.4240322534348444
-0.585859787499996,-0.8035512790422638
-1.217575693666666,-1.1286403910324734
-1.827770044,-2.166120751977637
-0.894481041431034,-0.7489437646748521
-0.401380766176719,-1.1548101842091274
-0.308421774375001,-1.2562373743839992
-1.864157290454545,-1.9333542573481992
-2.2567278480555557,-2.152642854318502
-1.663592407083333,-1.2326156582973735
-1.588883756931817,-2.7130205939293006
-1.14026821361111,-1.5584866344252897
-1.972172902054597,-2.410577444416308
-0.7424126037499991,-0.879980281865222
-0.6995956877380931,-1.2857132599554055
-0.7175818455665011,-0.9881611027163721
-1.83138708561111,-1.7745011578202852
-0.947229524931034,-0.9347861716966274
-0.901673334062499,-1.0957719497705813
-1.561313416388888,-1.717503421672436
-0.944140757181034,-1.009207607582661
-1.09849683186111,-1.1226115394615124
-1.90842676436111,-2.2529992283790334
-1.188032185133228,-1.4862182365680139
-1.484182544557292,-1.937552601050038
-0.516163402056126,-0.9359053017142559
-2.37296680560606,-2.056450604994542
-2.288881598333332,-2.240391070703937
-0.7497269950648131,-1.0104649100926375
-0.7881252050648131,-0.9910763720796578
-2.112946303799999,-2.0452713972767627
-1.75689634595238,-2.641015868484487
-1.7760132201470582,-2.3650411066627943
-1.7349324725000002,-2.567371838890673
-1.767313898088234,-2.52678246717723
-1.000076191666666,-1.6778881421666956
-1.011135983484848,-1.639114430697807
-0.352255500173605,-0.7772457678900654
-0.7862124902083311,-1.068864064342857
-0.8494232676470581,-0.9413617752661686
-1.437881932466665,-0.9202886634174317
-1.04204040402941,-1.2105937160443405
-1.881148206778416,-1.851544764802203
-1.054383732296917,-1.3337118240918313
-2.100616849271825,-2.5086578868490936
-0.460443932319821,-1.278392980285987
-1.203441113046511,-1.0317710097571102
-1.207369747499999,-1.3362343772963217
-0.410641280606059,-0.5729700199633221
-0.310690605598959,-0.732481765418554
-0.659070104783652,-1.0434266025950687
-1.045601473672686,-0.9656222335539671
-0.5558374123809511,-0.8393071037181552
-1.33693586215517,-1.430883485933583
-1.812846898478262,-2.6238615668341496
-0.8110931738281241,-1.1747757757720296
-1.4501757820370371,-1.465656775468217
-0.5275845406326211,-1.0132027591486552
-0.397310885208331,-0.9675465046125822
-0.473969728541665,-0.8572349020933766
-0.38045513140625,-0.6064333655929969
-0.395923028906249,-0.6428031426008934
-0.443577061406251,-0.7384438321425135
-1.1419720379166671,-1.1343771110872745
-0.520482668541669,-0.6350505988129953
-1.543447148749999,-0.8413366729308498
-1.830269699583334,-2.645534929992635
-0.354657503647487,-0.9146189261585127
-1.315281167499999,-1.1615758166798908
-1.814302718636362,-1.5481123216610884
-1.271357127499998,-1.3466558230000243
-0.6541440259374981,-0.7014137854089497
-1.832290652083332,-2.6340235919593273
-0.722553672499998,-0.8190713568240744
-1.278933755499998,-0.9554130401229372
-1.741724530937499,-0.8100031686411563
-0.910763241354166,-0.8218292098490191
-1.397594188499999,-1.0066720824653665
-1.834566469583332,-2.4441419460189984
-1.639576360714284,-1.4427812547809562
-1.226818391499998,-1.0861069815871256
-1.484494309285713,-1.0226660683045392
-1.939172750454545,-2.2613925432924775
-1.897640833983333,-1.962615980618492
-0.469528931979166,-1.002721063866489
-1.141194678928571,-0.9819262258209042
-0.8015104105937491,-0.8115112935482445
-2.481345934375,-1.7148125423888338
-2.493058701250001,-1.7855556207211052
-2.298124540852121,-2.2461056132971047
-2.554491282046183,-2.810859111661994
-2.629134362754516,-2.729384735021345
-2.361020088259227,-2.4291054896632125
-2.405738218593175,-2.563770648823001
-2.464177938248563,-2.626008590884648
-2.405217212667121,-2.4876232380690952
-2.47991912438078,-2.5791806109317883
-2.309283724816244,-2.616272611476541
-2.459139544449235,-2.4940478805057467
-2.688086342933245,-2.6715135619851513
-0.408808843699999,-0.48033604996248547
-2.44417974831737,-2.503134441120597
-2.469415457081281,-2.601215503946368
-2.375723540248564,-2.514830104231172
-2.480216109588123,-2.550874714913008
-1.2595916695833291,-1.069360212804345
-1.827984880441176,-2.162732918104534
-1.077305547645833,-1.065982988775295
-0.667618185462966,-1.1600737022751972
-1.4544926424739582,-0.8384018813007971
-0.999439654062498,-1.161161779892892
-1.4746262046666652,-0.9073384570599948
-1.475641081499998,-0.9029303177115218
-1.9137029766858231,-2.133023938418181
-2.421923702818628,-2.20598855573526
-2.6062888987571853,-2.5823341944952687
-2.285050905167121,-2.3521448348173393
-2.545940121614489,-2.440363247917509
-2.718401294275285,-2.7051393842678904
-2.71110736823925,-2.3398974761634856
-2.7340600363455323,-2.537550642639348
-2.212909369508797,-2.3612634388730283
-1.173501923461537,-1.1814894572144206
-1.190004422692307,-1.184543453499809
-0.331556197333336,-1.0752872921672252
-1.138361627749998,-1.0976832035472026
-1.167141193749999,-0.8302829043837332
-1.135363671666664,-1.025988853810846
-1.133203089499998,-1.023541504075931
-2.142738871841737,-2.2069708361820313
-2.317703548456595,-2.2761971725598955
-2.355783603647872,-2.332043096119856
-2.273738399270702,-2.3981022328634425
-2.6522856786140903,-2.6514731198917914
-2.260818433726702,-2.4113115610265363
-2.7228034164054677,-2.648036466514131
-2.681046920835085,-2.7494325230844923
-2.336117412046493,-2.3153044450753835
-2.457966215062728,-2.473841139877571
-2.518596178956076,-2.529147133879046
-2.205791673343818,-2.3932005248865353
-2.590472354546494,-2.394645859559165
-2.338183828734528,-2.3350737604424707
-2.591635853264442,-2.5935890596337896
-2.133456121979885,-2.214466721832643
-2.244175647003695,-2.465738777772834
-2.816282981631963,-2.7348165659438304
-2.749941770956749,-2.7543969015439815
-1.842010232027754,-1.3542614813065934
-0.7614059026470581,-1.2240563461919134
-2.39596486107427,-2.367181476603928
-2.396797182281536,-2.309365298611391
-2.413201366255895,-2.384323414498938
-2.441772556106323,-2.3256489718240876
-2.555010455570858,-2.7711772330766427
-2.159592128837028,-2.192116507599412
-1.54274134160714,-2.4949354508781068
-0.315264235208336,-0.6492636990945913
0.047318293500001,-1.734236942686212
-0.192592425714287,-2.503474933181628
-1.981873241724138,-1.9809253883201914
-1.896232002413792,-1.8806462279000735
-2.825153782000001,-2.654610891354968
-1.668205925666666,-3.010708606650799
-3.184666606887761,-3.39128778191614
-3.062992296242529,-2.7227817867773467
-3.03523816674253,-2.4113424695166326
-3.200980261990259,-3.5027883062027296
-3.071587857916669,-2.617977431614095
-2.964123697560344,-2.5107285993174004
-2.730564718776596,-2.3238351213536688
-2.986958873937498,-2.142790733929957
-2.52611848025,-2.846659517958585
-2.816698493666668,-2.073025661659415
-2.818663723499999,-2.724106683813882
-2.835500040781252,-2.6334533240948006
-2.596609753,-2.3915623079690373
-2.78490514163158,-2.627498518008998
0.111792011785713,-0.9761231033486338
0.147267648214285,-2.0539477555836925
-0.353606646805555,-0.8783570481585621
-0.137406406644737,-0.9804531309193941
