epoch,train_mae,val_mae,time
1,0.7625662198593978,0.8017586685679285,399.3s
2,0.6481973165308434,0.6731082923521245,3.5s
3,0.594907618917368,0.6828276551314417,3.5s
4,0.5724476600037957,0.5842801450472798,3.4s
5,0.5361834858505671,0.5421050051142117,3.5s
6,0.5096780588685514,0.5606720412443132,3.5s
7,0.4932690629976037,0.6140560360124269,3.5s
8,0.48452192993899335,0.5380755646579761,3.5s
9,0.45683667107551135,0.5232408222208168,3.5s
10,0.4504555147098703,0.46241731102091405,3.4s
11,0.444545821190606,0.4997941136057607,3.6s
12,0.4361475893394795,0.4828680295024426,3.6s
13,0.4280457793683713,0.46658287063467924,3.6s
14,0.4196715028477054,0.47166238303111896,3.5s
15,0.41615982815120656,0.486831419207723,3.5s
16,0.4100388778652783,0.4708077580190552,3.4s
17,0.40887752541907996,0.45976011175189524,3.6s
18,0.38664690891317144,0.44548258315488165,3.5s
19,0.37395049473249514,0.4458211493371102,3.5s
20,0.3857138194228803,0.46616095065465435,3.5s
21,0.37445033553467166,0.4522310229122336,3.5s
22,0.37921542121225466,0.43301059171027945,3.5s
23,0.36143140608575663,0.43211685388826476,3.6s
24,0.3560446493295495,0.4558089871091891,3.6s
25,0.35032101585845066,0.4265457840740378,3.6s
26,0.3479474869032605,0.4482306783574487,3.5s
27,0.3366188595523515,0.44235903200159216,3.6s
28,0.3354941280986221,0.4356989780960954,3.6s
29,0.31833312232089833,0.41967603198162795,3.5s
30,0.3324226607473375,0.4504534836347938,3.5s
31,0.32835132419503704,0.4207986660415146,3.5s
32,0.31666870553149445,0.45029051113249685,3.6s
33,0.31910705310936177,0.4250299700625657,3.5s
34,0.3175752724589595,0.42750678425512945,3.5s
35,0.30187807163550046,0.452230315855917,3.5s
36,0.29973601761306873,0.4531673683732899,3.5s
37,0.3068283571451411,0.46598065822257606,3.5s
38,0.3097306278388028,0.48183482234853175,3.5s
39,0.2974477678937958,0.41506896944820576,3.7s
40,0.2894988860646813,0.44241694605289983,3.5s
41,0.30269141426069496,0.42155928399962217,3.7s
42,0.2887357288119819,0.40328365410039874,3.7s
43,0.2836078698415004,0.3875929557732519,3.6s
44,0.2788070727053736,0.4429039999918284,3.5s
45,0.2922600278568969,0.3989896879280884,3.7s
46,0.2695469213505551,0.40427319576897597,3.5s
47,0.2834326455942604,0.4458035867528867,3.5s
48,0.27308719112974056,0.40083103633774114,3.6s
49,0.26818608763766355,0.38717083767585947,3.5s
50,0.2579508881157133,0.40362270229358965,3.6s
51,0.2599624584252055,0.4127962967163415,3.5s
52,0.259807673038458,0.4044344918679465,3.6s
53,0.25191442815446624,0.42600426876605463,3.5s
54,0.24483478395067554,0.3908168061433105,3.5s
55,0.2394220418368322,0.402402015385894,3.5s
56,0.24150115260988994,0.4185724916796999,3.6s
57,0.23479038837852134,0.3831943234513859,3.6s
58,0.24063900667883978,0.3969573093852416,3.5s
59,0.24904966502512527,0.3978587659179862,3.6s
60,0.23060774130852066,0.39802081339855483,3.7s
61,0.22317198437768251,0.38899330799349674,3.6s
62,0.2386319627926309,0.40059111605440906,3.5s
63,0.2281950868887252,0.4141336192939487,3.5s
64,0.23987766698233343,0.4252765090332419,3.5s
65,0.2266594583677393,0.3903249349690936,3.6s
66,0.23361595230086818,0.4234074209244723,3.6s
67,0.2353736688960424,0.3985319128798954,3.5s
68,0.22677966052887857,0.4005072955250135,3.5s
69,0.2199961963475068,0.37011774705751294,3.5s
70,0.2223495517720615,0.3727577257579958,3.5s
71,0.20935737561021636,0.38332206044100264,3.6s
72,0.21272648746233255,0.3883851236498295,3.6s
73,0.20704183502832765,0.39649586260016195,3.5s
74,0.21388596879432203,0.4065166590177468,3.5s
75,0.21638768452573723,0.39212430555203237,3.5s
76,0.20581012865990936,0.3968496285416753,3.5s
77,0.20437055370422477,0.39156871619563416,3.6s
78,0.21644789080253388,0.38156565569984124,3.6s
79,0.20359012396874357,0.3902507930842753,3.7s
80,0.20322290700067883,0.39588090284221666,3.5s
81,0.20330283149317258,0.4047428442742014,3.6s
82,0.19750991300780127,0.37360006691840697,3.6s
83,0.19426495528012522,0.3976959875997553,3.5s
84,0.19644221799146275,0.3818698082175957,3.6s
85,0.18759845860062474,0.40750204043339955,3.6s
86,0.19200769165824158,0.3891193613485636,3.6s
87,0.18354996579297447,0.3866264916313481,3.6s
88,0.18510629040560625,0.3744441060547901,3.5s
89,0.17731240195593737,0.3822263292249689,3.6s
90,0.1775096488269549,0.39259482201585916,3.6s
91,0.17834356812665283,0.40392365219629356,3.5s
92,0.1778964278640827,0.38419521853403393,3.5s
93,0.19697644407151163,0.39559006551800646,3.4s
94,0.19484634729560002,0.39007275025856675,3.3s
95,0.19751851466625378,0.39846497429203864,3.3s
96,0.18471997297191087,0.3875603893686672,3.4s
97,0.1748013131447078,0.3926411109527356,3.3s
98,0.18079305661456282,0.3810988703052405,3.4s
99,0.17788527159182335,0.375968951501217,3.4s
100,0.17487761715765746,0.3735725628543021,3.3s
101,0.14478525153549981,0.35929168048243837,3.3s
102,0.1253690557517045,0.35500407131190226,3.4s
103,0.11855443050428723,0.3552040165753534,3.3s
104,0.11511658544758689,0.3544541264245958,3.4s
105,0.11089259784951175,0.3564762308210286,3.3s
106,0.11178881635134999,0.3551470828540434,3.3s
107,0.10754470640546382,0.35563829423207316,3.3s
108,0.1065857283621762,0.35664816786189973,3.3s
109,0.10779212674656526,0.3556554718065988,3.3s
110,0.10551705830046709,0.35652950009718765,3.4s
111,0.10592164567452289,0.35626867997464795,3.3s
112,0.1064498726748102,0.35678672300377473,3.4s
113,0.10530619605366663,0.3584203740969527,3.4s
114,0.10136705186693251,0.35521838050808396,3.4s
115,0.10242533901644454,0.3562094029738818,3.4s
116,0.10176485649355166,0.35633585386469885,3.5s
117,0.10232645504114261,0.35443198904773304,3.4s
118,0.10028606100702782,0.35770177925903784,3.3s
119,0.10008869605479494,0.35720839439914914,3.4s
120,0.09928079202465076,0.3572183151535576,3.5s
121,0.10136479995114955,0.35796600123347366,3.3s
122,0.09974954243264705,0.3585503438099992,3.3s
123,0.09644981804548289,0.3592586070752991,3.3s
124,0.09397704359460475,0.3591021761676382,3.4s
125,0.09683425891355546,0.3579208278111395,3.3s
126,0.09928957015774802,0.3628002399115393,3.3s
127,0.09913464114277791,0.3566533770355476,3.3s
128,0.09704183913330847,0.3579947371470747,3.3s
129,0.09531324691059563,0.35937893626653605,3.3s
130,0.0949798069408694,0.36081757602957903,3.3s
131,0.09426742656269323,0.35918257112430435,3.4s
132,0.09426387292485294,0.3606962038780832,3.4s
133,0.0937943129998429,0.3595853686030141,3.4s
134,0.09484104161565751,0.3599166556360758,3.3s
135,0.09447510794065883,0.36013863824950865,3.4s
136,0.09223099123576012,0.35920687980458216,3.5s
137,0.09168620362609527,0.3605270591484109,3.4s
138,0.09254945820278242,0.36237534496384827,3.3s
139,0.09403302995362864,0.3609865700835504,3.4s
140,0.09230850498075567,0.3612476166432279,3.3s
141,0.09707984197700564,0.3622385691567726,3.4s
142,0.09138609842694172,0.35971682595117443,3.4s
143,0.09642011513723324,0.36100234231973055,3.4s
144,0.09092962709918048,0.3616916932127803,3.4s
145,0.0913004946401057,0.36112207558554443,3.3s
146,0.08899093904933318,0.36227033422683097,3.3s
147,0.09150056712728087,0.36091428747031895,3.3s
148,0.09146513155185115,0.3595694610310085,3.3s
149,0.08565410167817805,0.36005773613900705,3.3s
150,0.09154724436848713,0.36170201383266354,3.4s
151,0.08887979453238261,0.3623695807711122,3.3s
152,0.0890174041465095,0.36400489386568213,3.3s
153,0.08957844694276586,0.36426026315858523,3.3s
154,0.09203866921552328,0.36402685242861055,3.3s
155,0.0875495015580945,0.36469557884380904,3.4s
156,0.08566455345392046,0.3611491919471528,3.4s
157,0.08752624153327494,0.36110980713427976,3.3s
158,0.08846422240814521,0.36550901259867674,3.3s
159,0.08906010268697756,0.36413619188487834,3.3s
160,0.08911790697444008,0.3662497216977444,3.4s
161,0.08806801380813047,0.362954996836367,3.3s
162,0.08265503696226209,0.36368968205403557,3.4s
163,0.08457768207919981,0.36499198281825496,3.3s
164,0.08574414429720846,0.36454170176825546,3.3s
165,0.083261646103608,0.3632551305487676,3.3s
166,0.08490765671643273,0.36268425756299555,3.3s
167,0.0850387951810288,0.36281474265955427,3.3s
168,0.08510230809654223,0.3644691114195712,3.3s
169,0.08740135655279484,0.362604317689305,3.3s
170,0.08452505316002369,0.3658880766878273,3.4s
171,0.0811448584284965,0.3632981806842204,3.4s
172,0.08191811469660597,0.36242408461982223,3.4s
173,0.08543983240539339,0.3633120623336831,3.4s
174,0.08110741828975719,0.3630543053150177,3.3s
175,0.08487686535828676,0.36109081527908443,3.4s
176,0.07910284262425459,0.3625084116676737,3.4s
177,0.08201538393665564,0.3637016395324378,3.3s
178,0.0830312494510719,0.3642698274046031,3.3s
179,0.07994151297005306,0.3624811085347597,3.4s
180,0.07883552897219848,0.36387948121516234,3.3s
181,0.08009515012086058,0.3628655038509272,3.3s
182,0.07917363338707184,0.3661906129817672,3.4s
183,0.0823831757237214,0.36468829104137906,3.4s
184,0.08133620594000109,0.3645348191563853,3.3s
185,0.08262304859455545,0.36394937776672054,3.3s
186,0.08071122278447324,0.36245381941044996,3.3s
187,0.07986538512374797,0.3671303222627204,3.4s
188,0.07960187573096428,0.3645741353180203,3.5s
189,0.07952771277830378,0.36810426569832155,3.5s
190,0.07924090631376085,0.36579138736434397,3.5s
191,0.0806067862143802,0.36607593304009606,3.6s
192,0.07899771663831509,0.3676212855704545,3.5s
193,0.07861858665671047,0.36706925367340826,3.6s
194,0.07871108910485992,0.36749418674386697,3.6s
195,0.07933132730248674,0.36875790288000543,3.7s
196,0.07766671774844182,0.36440447944069876,3.6s
197,0.07866926813621435,0.3655609303924638,3.6s
198,0.07786610297010298,0.3666640469870592,3.5s
199,0.07488161193373662,0.36595474012612084,3.6s
200,0.07641320195093453,0.3647470214947831,3.6s
