material_id,actual,predicted
mp-684978,0.0,1.0872081857946936
mp-1105836,1.3929,1.1068976857946935
mp-401,1.034999999999999,1.1068976857946935
mp-684969,0.927999999999999,1.1068976857946935
mp-1476,0.0,1.1817281767303818
mp-862373,0.0,1.1772777905565979
mp-1205354,0.625799999999999,1.0210034166666666
mp-1219395,0.624699999999999,1.0210034166666666
mp-684690,0.5374,1.0210034166666666
mp-723973,0.0,1.0210034166666666
mp-1782,0.0,0.9883069752913751
mp-1232237,0.0,0.9712054999999999
mp-21576,0.0,0.7093585984897516
mp-1219396,0.012699999999999,0.5498874032679736
mp-12383,0.0125,0.5498874032679736
mp-32654,0.0,0.5498874032679736
mp-685069,0.0033,0.5498874032679736
mp-1186975,0.0,0.760074820711974
mp-1219373,0.0,0.5844057366013068
mp-541594,0.0,0.7144977155837686
mp-1197413,0.0,0.9122680666666666
mp-10026,0.0,0.7363681182539679
mp-1079832,0.0,0.7363681182539679
mp-1187016,0.0,0.5371619134504381
mp-1188645,0.6665000000000001,1.1806730508546999
mp-32891,1.901899999999999,1.1806730508546999
mp-541289,1.5992000000000002,1.1806730508546999
mp-15670,0.0,1.1560235508546999
mp-1534,0.0,1.321639882206682
mp-22562,0.0,1.321639882206682
mp-16228,0.0,1.3296626230769226
mp-1105821,1.315799999999999,1.0630641
mp-673656,1.5955,1.0630641
mp-32727,0.0,1.0504092000000003
mp-2637,0.0,1.079536156060606
mp-1232213,0.127299999999999,1.0978361000000003
mp-1232214,0.0,1.0978361000000003
mp-1189791,0.559299999999999,0.6915666940476188
mp-1207306,0.363899999999999,0.6915666940476188
mp-642301,0.0,0.7651672815344849
mp-1207735,0.0,0.7147874034150553
mp-1708,0.0,0.8057874154761901
mp-865430,0.0,0.8057874154761901
mp-1077365,0.0,0.6253361845238095
mp-945077,0.0,0.6033319864718613
mp-684731,0.0,0.9344481582417582
mp-616559,0.0,0.8910930617687185
mp-1101099,0.0,0.8068054166666668
mp-1217192,0.0,0.8068054166666668
mp-1217073,0.0,0.9014664092118571
mp-1101100,0.2669,0.8709668921245423
mp-1217101,0.0,0.8709668921245423
mp-1217121,0.0,0.8709668921245423
mp-1208223,0.0,0.8274253320512824
mp-1217163,0.0,0.8274253320512824
mp-1217166,0.0,0.8274253320512824
mp-1217172,0.0,0.8274253320512824
mp-1217445,0.0,0.8274253320512824
mp-673657,0.0,0.8209572653846158
mp-680850,0.0,0.7820449545454541
mp-673637,0.0,0.8270402023809522
mp-1018028,0.0,0.939567244110292
mp-1101023,0.7957000000000001,0.939567244110292
mp-545,0.0,0.939567244110292
mp-554462,0.0,0.939567244110292
mp-557762,0.0,0.939567244110292
mp-1008676,0.0,1.0098359231825307
mp-1008682,0.0,1.0098359231825307
mp-1042098,1.638199999999999,1.0098359231825307
mp-1062030,0.051099999999999,1.0098359231825307
mp-1072088,0.0,1.0098359231825307
mp-1072192,0.0,1.0098359231825307
mp-1077021,0.2055,1.0098359231825307
mp-1077263,0.0,1.0098359231825307
mp-1101258,0.0,1.0098359231825307
mp-1101969,0.0,1.0098359231825307
mp-1102845,0.0,1.0098359231825307
mp-1216778,0.7773000000000001,1.0098359231825307
mp-1386900,0.0,1.0098359231825307
mp-2156,0.0,1.0098359231825307
mp-558110,0.0,1.0098359231825307
mp-685013,0.0,1.0098359231825307
mp-9027,0.0,1.0098359231825307
mp-936075,0.0,1.0098359231825307
mp-559374,0.0,0.966222368181818
mp-9920,0.2261,0.966222368181818
mp-510285,0.0,0.7894982717532464
mp-32630,0.0,0.8511105636363632
mp-1101121,0.0,0.883412396070596
mp-620032,0.0,0.7471587110389605
mp-680576,0.0,0.7471587110389605
mp-1208273,0.0,0.8662814112554112
mp-1217116,0.0,0.8369502836580085
mp-1077978,0.0,0.8631870719696968
mp-9227,0.0,0.8631870719696968
mp-1198191,0.0,0.7946304384199131
mp-1364133,0.0,0.7946304384199131
mp-680260,0.0,0.7946304384199131
mp-11765,0.0,0.8667538278887775
mp-679962,0.0,0.7937182717532464
mp-619905,0.0,0.8500346036796533
mp-10027,0.0,0.9029803960705959
mp-1079888,0.0,0.9029803960705959
mp-13152,0.0,0.9029803960705959
mp-568789,0.0,0.9029803960705959
mp-571651,0.0,0.9029803960705959
mp-2194,0.0,0.7307855952380948
mp-1217180,0.0,0.554800431869927
mp-1217210,0.0,0.554800431869927
mp-1187477,0.0,0.6622008207119735
mp-15669,0.0,0.535928931869927
mp-7498,0.0,0.6605345739799475
mp-1208221,0.0,0.5626451912282158
mp-567832,0.0,0.6186020355184089
mp-599,0.0,0.6186020355184089
mp-1907,0.0,0.5214950483710727
mp-1193856,0.0,0.9178777295942616
mp-673649,0.0,0.9189388497474748
mp-1197374,0.0,0.9781664731840048
mp-1188005,0.0,0.920169743879976
mp-1215419,0.0,0.9495219023215342
mp-1103820,0.0,0.9103298497474746
mp-1215543,0.0,0.9103298497474746
mp-1329763,0.0,0.9103298497474746
mp-684711,0.0,0.9103298497474746
mp-684749,0.0,0.9103298497474746
mp-1100827,0.0,0.9411209023215343
mp-1215375,0.0,0.981195979112554
mp-1024087,0.0,1.1447879880952374
mp-1096929,0.1044,1.1873353452380946
mp-27191,0.0,0.9172819303030298
mp-1925,0.0,0.994084043599456
mp-7859,0.0,0.994084043599456
mp-1186,1.0418,1.1913359880952374
mp-9921,1.113299999999999,1.13476599047619
mp-22642,0.0,0.9062943927107204
mp-1215598,0.0,1.0256465358675642
mp-1188055,0.0,0.8114319879488155
mp-1215426,0.0,0.8731823097152845
mp-1215400,0.0,1.007725241749917
mp-1215359,0.0,1.0409765358675642
mp-1215925,0.0,1.0409765358675642
mp-1183040,0.0,0.8814321299533799
mp-1215280,0.0,0.8814321299533799
mp-684965,0.0,0.8814321299533799
mp-2076,0.3296,0.9534318155462187
mp-1683,0.3979,0.8692687777417025
mp-21559,0.0,0.6586675837350618
mp-1215634,0.0,0.4746753856421353
mp-1103188,0.0,0.6557078309878093
mp-1793,0.0,0.6557078309878093
mp-1215393,0.0,0.6355248837350619
mp-350,0.0,0.6308548837350618
mp-29957,0.0,0.5114608987373733
mp-1319,0.0,0.6105582837350618
mp-1539,0.0,0.6105582837350618
mp-568865,0.0,0.6105582837350618
mp-569544,0.0,0.6105582837350618
mp-1018107,0.0,0.4770508875901872
mp-2089,0.0,0.43693475644466623
mp-605,0.0192,0.5555694840187588
mp-10000,0.0,0.9238642157693435
mp-1206743,0.0,1.0357733642664346
mp-985829,1.2237,1.289062673412698
mp-9922,1.1326,1.0737800892857141
mp-32873,0.0,0.8182527864468859
mp-1206927,0.0,0.7387352999104649
mp-1224485,0.0,0.9441751222312003
mp-1184547,0.0,0.667219656841769
mp-985831,0.5342,0.8865028888978667
mp-15622,0.317099999999999,0.8182622447619045
mp-567584,0.0,0.5140262753704626
mp-1224444,0.0,0.46063768548951023
mp-28919,0.0,0.5013249753704627
mp-12884,0.0,0.5094744753704625
mp-32887,0.0,0.434388759299034
mp-1025459,0.0,0.46344467405483386
mp-1168,0.0,0.5670301006854256
mp-1100973,0.0,0.5894798356726603
mp-1376600,0.459999999999999,0.8067615539682537
mp-555283,0.0,0.8249044833333328
mp-7945,0.0,0.8249044833333328
mp-1081,0.0,0.6491932134087454
mp-560908,0.0,0.6491932134087454
mp-799,0.0,0.6491932134087454
mp-1216498,0.0,0.6522662753551998
mp-1133,0.0,0.8119350287311592
mp-690772,0.0,0.6281312356726602
mp-1100925,0.0,0.7099642657896977
mp-1207843,0.0,0.7099642657896977
mp-1216463,0.0,0.7099642657896977
mp-1214,0.0,0.857947790852371
mp-1868,0.0,0.857947790852371
mp-33031,0.0,0.857947790852371
mp-849065,0.0,0.857947790852371
mp-1013525,0.0,0.753232543212343
mp-1013526,0.0,0.753232543212343
mp-1178763,0.0,0.753232543212343
mp-1405126,0.0,0.753232543212343
mp-1424931,0.0,0.753232543212343
mp-1443423,0.0,0.753232543212343
mp-557523,0.0,0.753232543212343
mp-611224,0.0,0.753232543212343
mp-655446,0.0,0.753232543212343
mp-849060,0.0,0.753232543212343
mp-849080,0.0,0.753232543212343
mp-849098,0.0,0.753232543212343
mp-9561,0.0,0.753232543212343
mp-541155,0.9239,0.9916625337662333
mp-685047,0.0,0.7238117273809523
mp-28256,0.722,0.850113836507936
mp-22700,0.0,0.7495539377073903
mp-1087497,0.0,0.7703311567550094
mp-1207893,0.0,0.7284501857142857
mp-29131,0.0,0.7848616829836825
mp-569668,0.0,0.7848616829836825
mp-604914,0.0,0.7848616829836825
mp-694,0.0,0.8027325523809519
mp-1028,0.0,0.501057343345543
mp-2026078,0.0,0.6631206064262594
mp-9948,0.0,0.6631206064262594
mp-1207855,0.0,0.4962538003551999
mp-1216446,0.0,0.6434656804013039
mp-10256,0.0,0.6231963470679704
mp-1008626,0.0,0.538245786466311
mp-11687,0.0,0.538245786466311
mp-1523643,0.0,0.538245786466311
mp-1173629,0.0,0.9401898146214893
mp-684971,0.0,0.9401898146214893
mp-683941,0.0,0.7961088707282912
mp-31381,0.0,0.780827370728291
mp-684620,0.0,0.976222211507936
mp-1220631,0.0,0.7621490539072033
mp-12627,0.0,0.7621490539072033
mp-1220657,0.0657,0.7252146257936503
mp-32983,0.0,0.7252146257936503
mp-1220654,0.0,0.7434801257936503
mp-1220475,0.0,0.8789834812881558
mp-2243,0.0,1.0642155293068043
mp-647,0.0,1.0642155293068043
mp-10033,0.0,1.015123459126984
mp-1008860,0.0,1.015123459126984
mp-1072712,0.0,1.015123459126984
mp-1173504,0.0,1.015123459126984
mp-1802,0.0,1.015123459126984
mp-1874,0.0,1.015123459126984
mp-2648,0.0,1.015123459126984
mp-554074,0.0,1.015123459126984
mp-555293,0.0,1.015123459126984
mp-632475,0.0,1.015123459126984
mp-774873,0.0,1.015123459126984
mp-966,0.0,1.015123459126984
mp-995122,0.0,1.015123459126984
mp-1190583,0.0,1.0518546936147184
mp-562100,0.404799999999999,1.0518546936147184
mp-1210578,0.063299999999999,1.359585516305916
mp-27793,0.0,0.7840049616633366
mp-1173590,0.0,0.7298407019931048
mp-1220681,0.0,0.7298407019931048
mp-2330,0.0,0.7298407019931048
mp-541106,0.7746999999999991,0.8206789831820954
mp-1186219,0.0,0.7042009431818183
mp-561,0.0,0.8019811552669144
mp-15837,0.0,0.906511067469295
mp-10228,0.0,0.7012331287698413
mp-1072113,0.0,0.7012331287698413
mp-1102559,0.0,0.7012331287698413
mp-1186234,0.0,0.7012331287698413
mp-2207,0.0,0.7012331287698413
mp-568347,0.0,0.7012331287698413
mp-571133,0.0,0.7012331287698413
mp-571270,0.0,0.7012331287698413
mp-643063,0.0,0.7012331287698413
mp-672271,0.0,0.7012331287698413
mp-7007,0.0,0.7012331287698413
mp-7597,0.0,0.7012331287698413
mp-1192606,0.0,0.7119374830738704
mp-525,0.0,0.7119374830738704
mp-1078815,0.0,0.7332071558011432
mp-1210280,0.0,0.7332071558011432
mp-2037445,0.0,0.4554808766344761
mp-570451,0.0,0.4554808766344761
mp-570751,0.0,0.6223014309523804
mp-1104504,0.0,0.4803532004439999
mp-7564,0.0,0.4803532004439999
mp-30797,0.0,0.6887621639721389
mp-1173644,0.0,0.6460171639721386
mp-982779,0.0,0.6450753639721385
mp-1018150,0.0,0.4170010936965809
mp-11675,0.0,0.4170010936965809
mp-20196,0.0,0.4560118980519476
mp-568220,0.0,0.4560118980519476
mp-650328,0.0,0.4560118980519476
mp-530018,0.0,1.128024313605984
mp-555935,0.0,0.8010453338768245
mp-1826,0.0,0.832422397368888
mp-1218017,0.0,1.0515521318599523
mp-1545240,0.0,1.0515521318599523
mp-1425201,0.0,0.7835790193722935
mp-27467,0.0,0.7835790193722935
mp-558552,0.0,0.7835790193722935
mp-1218055,0.0,1.066967337415508
mp-10628,0.0,0.9903885864234446
mp-10014,0.0,1.2136956001139205
mp-1072086,0.0,1.2136956001139205
mp-1179413,0.0,1.2136956001139205
mp-1217915,0.0,1.2136956001139205
mp-1411,0.0,1.2136956001139205
mp-16226,0.0,1.2136956001139205
mp-1690,0.0,1.2136956001139205
mp-1984,0.0,1.2136956001139205
mp-555037,0.0,1.2136956001139205
mp-755523,0.0,1.2136956001139205
mp-1094038,0.0,1.1961577257215006
mp-30527,0.0,1.1961577257215006
mp-8732,0.0,0.7075694249104652
mp-9983,0.0,0.8624961736381264
mp-1019276,0.0,0.8287854702380953
mp-11324,0.0,0.8287854702380953
mp-13870,0.0,0.8287854702380953
mp-500,0.0,0.8287854702380953
mp-501,0.0,0.8287854702380953
mp-542495,0.273499999999999,0.8287854702380953
mp-542621,0.0,0.8287854702380953
mp-567724,0.0,0.8287854702380953
mp-637232,0.0,0.8287854702380953
mp-680184,0.0,0.8287854702380953
mp-7834,0.0,0.8287854702380953
mp-7926,0.0,0.8287854702380953
mp-8954,0.0,0.8287854702380953
mp-1191680,0.0,0.7176841702380946
mp-29652,0.0,0.7176841702380946
mp-1206272,0.1612,0.8731879630952377
mp-680343,0.0,0.4456938115426237
mp-542634,0.0,0.450396742037129
mp-1967,0.0,0.40534187596570076
mp-601823,0.0,0.40534187596570076
mp-202,0.0,0.49880706497113986
mp-22817,0.0,0.49880706497113986
mp-680259,0.0,0.49880706497113986
mp-1226578,0.0,0.49582684133644084
mp-1226930,0.0,0.49582684133644084
mp-13685,0.0,0.44217297979797926
mp-555569,0.0,0.44217297979797926
mp-849081,0.0,0.44217297979797926
mp-849083,0.0,0.44217297979797926
mp-1341046,0.2027,0.9267241873681872
mp-849071,0.0,0.4495047507427208
mp-964,0.0,0.4495047507427208
mp-1311,0.0,0.5382839240943692
mp-1181961,0.0,0.5041816746697741
mp-684674,0.0,0.5041816746697741
mp-849084,0.0,0.5041816746697741
mp-523,0.0,0.7700247290061246
mp-1042111,0.0,0.7795717845904097
mp-1407236,0.0,0.7795717845904097
mp-1413688,0.0,0.7795717845904097
mp-1442954,0.0,0.7795717845904097
mp-28910,0.0,0.7795717845904097
mp-755263,0.0,0.7795717845904097
mp-1189023,0.0,0.732501295238095
mp-1226371,0.0,0.732501295238095
mp-1226456,0.0,0.732501295238095
mp-2832,0.0,0.732501295238095
mp-984712,0.0,0.7749848897759104
mp-27840,0.0,0.7639319431013429
mp-1104327,0.0,0.7152961285714282
mp-1226358,0.117899999999999,0.750689043101343
mp-696673,0.0,0.7445001811965807
mp-2189,0.0,0.8301235552059054
mp-604915,0.0,0.8301235552059054
mp-1009581,0.0,0.6549181404761905
mp-1061769,0.0,0.6549181404761905
mp-1399418,0.0,0.6549181404761905
mp-1407787,0.0,0.6549181404761905
mp-2750,0.0,0.4190521812409807
mp-1078012,0.0,0.4123668233044727
mp-570122,0.0,0.4123668233044727
mp-1226350,0.0,0.4100400896825392
mp-1226086,0.0,0.44436890266955215
mp-1213750,0.0,0.41787214552669505
mp-1213754,0.0,0.41787214552669505
mp-1213756,0.0,0.42998440266955235
mp-1008926,0.0,0.6400160619047613
mp-1009079,0.0,0.6400160619047613
mp-1079818,0.0,0.6400160619047613
mp-794,0.0,0.6400160619047613
mp-685055,0.0,0.38146497972013305
mp-540922,0.1806,0.36688209577644537
mp-31257,0.0,0.7920053881313129
mp-1210708,0.0,0.7195493056184009
mp-1627,0.0,0.8334287393217891
mp-1104577,0.0,0.7907727095598842
mp-1181164,0.0959,0.7907727095598842
mp-2164,0.0,0.7907727095598842
mp-673645,0.0,0.8055911405122654
mp-1018809,1.3361,1.456157388270063
mp-1023924,1.6605999999999992,1.456157388270063
mp-1023939,1.5539,1.456157388270063
mp-1025874,1.5093,1.456157388270063
mp-1027525,1.463999999999999,1.456157388270063
mp-1042086,0.0418,1.456157388270063
mp-1238797,0.0,1.456157388270063
mp-1405065,0.0,1.456157388270063
mp-1434,1.2042,1.456157388270063
mp-2815,1.464899999999999,1.456157388270063
mp-558544,0.0,1.456157388270063
mp-990083,0.0,1.456157388270063
mp-1239169,0.7267,1.2052119000665997
mp-1239183,0.014299999999999,1.2052119000665997
mp-1239203,0.0,1.2052119000665997
mp-1211453,0.215799999999999,1.3977191341630593
mp-568488,0.0,0.6628852096320346
mp-570170,0.0,0.6628852096320346
mp-743270,0.0,0.6628852096320346
mp-1206038,0.0,0.6375566741758237
mp-1181732,0.0,0.683301781060606
mp-21021,0.0,0.683301781060606
mp-299,0.0,0.6692002096320344
mp-638048,0.0,0.6692002096320344
mp-1186027,0.0,0.6923682646520145
mp-1018807,1.254399999999999,0.6685979032828279
mp-1023934,1.4311,0.6685979032828279
mp-1023940,1.424799999999999,0.6685979032828279
mp-1025799,1.160299999999999,0.6685979032828279
mp-1027692,1.4014,0.6685979032828279
mp-1634,1.301,0.6685979032828279
mp-7581,1.361999999999999,0.6685979032828279
mp-1023935,1.07,0.3352135449966696
mp-1023938,1.049699999999999,0.3352135449966696
mp-1025576,0.623,0.3352135449966696
mp-1030319,1.1635,0.3352135449966696
mp-1120746,0.0,0.3352135449966696
mp-602,0.8632999999999991,0.3352135449966696
mp-7459,0.0,0.3352135449966696
mp-8601,0.0,0.3631818673076919
mp-1120748,0.0,0.5507739479050197
mp-1105049,0.0,0.6555875663419909
mp-1179059,0.0,0.6555875663419909
mp-1237627,0.0,0.6555875663419909
mp-1004526,0.0,0.9842605882894881
mp-1023925,1.697,1.610648075865801
mp-1023937,1.8091,1.610648075865801
mp-1025571,1.6345,1.610648075865801
mp-1028441,1.6559,1.610648075865801
mp-1042100,0.0,1.610648075865801
mp-224,1.2557,1.610648075865801
mp-9813,1.6021,1.610648075865801
mp-1023933,1.5241,0.7072300112649039
mp-1023936,1.5378,0.7072300112649039
mp-1025572,1.228899999999999,0.7072300112649039
mp-1028698,1.518899999999999,0.7072300112649039
mp-1821,1.4465,0.7072300112649039
mp-1019322,0.9389,0.22869713823676294
mp-1023926,1.0785,0.22869713823676294
mp-1023942,1.042099999999999,0.22869713823676294
mp-1025573,0.6644000000000001,0.22869713823676294
mp-1028586,1.2142,0.22869713823676294
mp-22693,0.0,0.22869713823676294
mp-974355,0.0,0.617731519877345
mp-975439,0.0,0.7686190961087991
mp-1783,0.0,0.7166657828930844
mp-2065,0.0,0.7166657828930844
mp-2562,0.0,0.7166657828930844
mp-556853,0.0,0.7166657828930844
mp-1018804,0.0,0.8991306086441335
mp-1095335,0.0,0.8991306086441335
mp-1386044,0.0,0.8991306086441335
mp-1397283,0.0,0.8991306086441335
mp-1422029,0.0,0.8991306086441335
mp-1455,0.0,0.8991306086441335
mp-10204,0.0,0.8711881060606055
mp-2293,0.0484,0.8711881060606055
mp-604910,0.0,0.8711881060606055
mp-972,0.0,0.8711881060606055
mp-999540,0.0,0.8711881060606055
mp-21321,0.0,0.7747719900793645
mp-1185988,0.0,0.7896051230929255
mp-1185993,0.0,0.7896051230929255
mp-1009222,0.0,0.664026754045307
mp-1079443,0.0,0.664026754045307
mp-1080073,0.0,0.664026754045307
mp-1172860,0.0,0.664026754045307
mp-1406,0.0,0.664026754045307
mp-404,0.0,0.664026754045307
mp-672389,0.0,0.664026754045307
mp-21893,0.0,0.4620328316655562
mp-9481,1.1885,1.1272772772366515
mp-1204799,0.525999999999999,0.4664387039627034
mp-1187392,0.0,0.6729413095238092
mp-1232344,0.0,1.2179061936702187
mp-572758,1.3202,1.2179061936702187
mp-666176,0.0,1.2179061936702187
mp-1102379,0.0,0.8594702448008122
mp-541582,1.1434,0.8594702448008122
mp-583070,0.6584000000000001,0.48246066607142823
mp-974469,0.0,0.4239936577982472
mp-1102447,0.6616999999999991,0.43379076130952354
mp-1225858,0.0,0.49221166111111037
mp-684641,0.0,0.5939768238095232
mp-851357,0.0,0.5939768238095232
mp-952567,0.0,0.5838085373015869
mp-1184373,0.0,0.6081904714285709
mp-1189032,0.0,0.6081904714285709
mp-10188,0.0,0.4894157277777772
mp-21515,0.0,0.4894157277777772
mp-7096,0.0,0.4894157277777772
mp-850016,0.0,0.4894157277777772
mp-850032,0.0,0.4894157277777772
mp-850083,0.0,0.49022772777777723
mp-850249,0.0,0.49022772777777723
mp-870701,0.0,0.49022772777777723
mp-684707,0.1398,0.6690014531135527
mp-21688,0.0,0.5038903277777771
mp-542794,0.0,0.5038903277777771
mp-556435,0.0,0.5038903277777771
mp-685128,0.0,0.5038903277777771
mp-850411,0.0,0.5038903277777771
mp-2099,0.0,0.5683473429292922
mp-21410,0.0,0.5683473429292922
mp-22652,0.0349,0.5683473429292922
mp-2779,0.0,0.5683473429292922
mp-505531,0.0,0.5683473429292922
mp-616476,0.0,0.5683473429292922
mp-849057,0.0,0.5683473429292922
mp-1383615,0.0,0.7914279197802194
mp-1393120,0.0,0.7914279197802194
mp-1404610,0.0,0.7914279197802194
mp-1430160,0.0,0.7914279197802194
mp-1522,0.8770000000000001,0.7914279197802194
mp-226,0.457199999999999,0.7914279197802194
mp-615366,0.0,0.7914279197802194
mp-850009,0.0,0.7914279197802194
mp-1184256,0.0,0.6543321547619041
mp-2780,0.0,0.6745517240759235
mp-569240,0.0,0.6745517240759235
mp-684963,0.0,0.6745517240759235
mp-1055905,0.0,0.6836800380952375
mp-952967,0.0,0.6836800380952375
mp-540702,0.0,0.6212566652014647
mp-1106121,0.0,0.7012569138529604
mp-1018075,0.0,0.6554545329005798
mp-1066497,0.0,0.6554545329005798
mp-1078538,0.0,0.6554545329005798
mp-1078945,0.0,0.6554545329005798
mp-1080120,0.0,0.6554545329005798
mp-1090,0.0,0.6554545329005798
mp-1978272,0.0,0.6554545329005798
mp-20120,0.0,0.6554545329005798
mp-20311,0.0,0.6554545329005798
mp-1103177,0.016299999999999,0.6695443529220776
mp-760,0.3741,0.6695443529220776
mp-685077,0.0,0.4382262024281269
mp-1184307,0.0,0.5885647706349202
mp-10761,0.0,0.598286648534798
mp-21273,0.0,0.598286648534798
mp-1102002,0.0,0.4305090986985233
mp-1224800,0.0,0.4305090986985233
mp-19880,0.077399999999999,0.4305090986985233
mp-2030,0.6683999999999991,0.865930077597402
mp-1922,0.313799999999999,0.7006009107142853
mp-1848,0.114099999999999,0.32705491645021617
mp-267,0.2847,0.32705491645021617
mp-20905,0.0,1.11133696517094
mp-2480,0.0,0.910265835551728
mp-2142,0.0,0.4196591684523806
mp-1183728,0.0,0.690580066666666
mp-684732,0.0,0.690580066666666
mp-1183733,0.0,0.5879631642857139
mp-943,0.0,0.6310571999999994
mp-1513,0.0,0.6385466590111638
mp-1147746,0.0,0.6637899923444971
mp-1274,0.0,0.6637899923444971
mp-1042106,0.0,0.7518272333333329
mp-1387852,0.0,0.7518272333333329
mp-1390701,0.0,0.7518272333333329
mp-2070,0.0,0.7518272333333329
mp-850049,0.0,0.7518272333333329
mp-685129,0.0,0.6673445620490612
mp-684829,0.0,0.6566215620490614
mp-1183684,0.0,0.7497780309523803
mp-11800,0.0,0.6846086620490613
mp-20456,0.0,0.6846086620490613
mp-22745,0.0,0.6917283425908893
mp-426,0.0,0.6680708425908892
mp-604908,0.0,0.6680708425908892
mp-1390196,0.0,0.6872860751442996
mp-20862,0.0,0.6872860751442996
mp-22309,0.0,0.6872860751442996
mp-684822,0.0,0.4345602915556661
mp-1183699,0.0,0.6719481968253964
mp-1226090,0.0,0.4645577707431453
mp-788,0.0,0.619161184523809
mp-1009641,0.0,0.48947699393661864
mp-1103359,0.0,0.48947699393661864
mp-9945,0.0,0.48947699393661864
mp-21991,0.0,0.7674267476190471
mp-17173,0.191799999999999,0.6319713916666662
mp-974381,0.4203,0.6319713916666662
mp-29841,0.0,0.6783058869047615
mp-1186903,0.0,0.821147688095238
mp-22555,0.0,0.8376963883116882
mp-1105666,0.0,0.8584276416666667
mp-974372,0.0,0.7156512301587296
mp-1407,0.0,0.7698577940476189
mp-32861,0.0,0.7698577940476189
mp-684800,0.0,0.7679118166666663
mp-900,0.0,0.8557449166666664
mp-1192175,0.0,0.746048783333333
mp-983,0.0,0.746048783333333
mp-1217447,0.0,0.4350865378787876
mp-684869,0.0,0.4363095378787875
mp-1101145,0.0,0.42415745909090874
mp-1101148,0.0,0.39846008558941015
mp-1217429,0.0,0.39846008558941015
mp-228,0.0,0.3994340855894102
mp-754,0.0,0.3994340855894102
mp-1341,0.0,0.6559860688895909
mp-684876,0.0,0.4266609045454542
mp-1025159,0.0,0.42651620454545414
mp-7273,0.0,0.4145523665417911
mp-1628,0.0,0.6341238022229242
mp-1188655,0.7821,0.8528657607142849
mp-861979,1.137699999999999,0.8528657607142849
mp-1101826,0.0,1.0150934184343432
mp-1102261,0.0,0.9480042568376067
mp-2833,0.5371,0.9480042568376067
mp-1184783,0.0,0.7902262839910079
mp-9888,0.0,0.9995223663530909
mp-1184749,0.0,0.9587811188755688
mp-1361,0.0517,0.9471047903762897
mp-685099,0.0,1.0174584708402705
mp-10844,0.0,0.5115258537337659
mp-10845,0.0,0.5115258537337659
mp-1103512,0.0,0.5115258537337659
mp-1551,0.0,0.5115258537337659
mp-2285,0.0,0.5115258537337659
mp-569322,0.0,0.5115258537337659
mp-569388,0.0,0.5115258537337659
mp-1217357,0.0,0.5723622327380951
mp-32682,0.0,0.5723622327380951
mp-10187,0.0,0.4928925930097676
mp-28105,0.0,0.7935175499999993
mp-849078,0.0,0.642401346428571
mp-976809,0.0,0.6354718726190471
mp-976881,0.0,0.6354718726190471
mp-1220109,0.0,0.678988851032448
mp-362,0.0,0.678988851032448
mp-850086,0.0,0.678988851032448
mp-1050,0.0,0.8274241499999989
mp-767469,0.0,0.8103712166666659
mp-1202035,0.0,0.8206567767102786
mp-976920,0.0,0.8206567767102786
mp-1547,0.0,0.8205876100436119
mp-594,0.0,0.8205876100436119
mp-1042115,0.0,0.8669418999999996
mp-1094089,0.0,0.8669418999999996
mp-1103643,0.0,0.8669418999999996
mp-1180046,0.2404,0.8669418999999996
mp-1411545,0.527899999999999,0.8669418999999996
mp-1444811,0.0,0.8669418999999996
mp-2282,0.0,0.8669418999999996
mp-849053,0.0,0.8669418999999996
mp-849059,0.0,0.8669418999999996
mp-849075,0.0,0.8669418999999996
mp-849079,0.0,0.8669418999999996
mp-849092,0.0,0.8669418999999996
mp-850068,0.0,0.8669418999999996
mp-850131,0.0,0.8669418999999996
mp-685124,0.0,0.8836101017316008
mp-1186370,0.0,0.8425250023809516
mp-2056,0.0,0.8998557200800665
mp-1120781,0.0,0.8359750683982676
mp-573,0.0,0.8359750683982676
mp-1219986,0.0,0.8883240057943521
mp-568251,0.0,0.8883240057943521
mp-15651,0.0,0.8967511391276858
mp-571033,0.0,0.8967511391276858
mp-662,0.0,0.8967511391276858
mp-1071078,0.0,0.9001099072871568
mp-20901,0.0,0.9001099072871568
mp-684997,0.0,0.5701170372266617
mp-976953,0.0,0.6866525571428568
mp-31103,0.0,0.7032563797619044
mp-1220085,0.0,0.6086211588383833
mp-10264,0.0,0.7473369273809521
mp-203,0.0,0.7473369273809521
mp-1102324,0.0,0.5898583229409475
mp-2578,0.0,0.5898583229409475
mp-393,0.0,0.6885751003968248
mp-1186431,0.0,0.708099832539682
mp-558378,0.0,0.708099832539682
mp-7819,0.0,0.7259646436507933
mp-20250,0.0,0.8717281083333333
mp-13682,0.420999999999999,0.994916129131652
mp-1186463,0.0,1.2016803190476184
mp-21765,0.0,0.9156275549843383
mp-568593,0.0,0.9152730095238093
mp-7818,0.0,0.9514741706349202
mp-618,0.0,0.9365461706349204
mp-2503,0.0,0.9157914153181624
mp-21165,0.0,0.9059470633176717
mp-571383,0.1783,0.9059470633176717
mp-1120759,1.3767,0.9513213157509156
mp-2418,0.4001,0.9513213157509156
mp-782,0.0,0.6368060799783545
mp-613,0.0,0.8257848787938622
mp-1217443,0.0,0.7498529682539679
mp-30067,0.0,0.7403336682539678
mp-638586,0.0,0.8397749015873012
mp-1208304,0.017799999999999,0.8091813581753055
mp-29907,0.0,0.7619858238095234
mp-1193776,0.0,0.8241019015873013
mp-29639,0.0,0.7459446682539679
mp-564,0.0,0.7615495787938622
mp-1217326,0.0,0.7541126682539679
mp-2530518,0.0,0.7541126682539679
mp-979273,0.0,0.7541126682539679
mp-1190964,0.0,0.8132865682539681
mp-1205321,0.1882,0.8257174036075032
mp-288,0.3848,0.8257174036075032
mp-762,1.5467,0.8635119468253967
mp-29767,0.0,0.8204936639194136
mp-1115,0.6193000000000001,0.8902310079365074
mp-399,0.0,0.45883040447469164
mp-541180,0.0,0.4365466538794535
mp-570562,0.0,0.4365466538794535
mp-1077948,0.0,0.4280756538794535
mp-21042,0.0,0.4280756538794535
mp-8628,0.0,0.4280756538794535
mp-11693,0.0,0.5371830740259737
mp-571512,0.0,0.5371830740259737
mp-675278,0.0,0.8309376174603175
mp-684964,0.0,0.9687101166666663
mp-684898,0.0,0.6205310440476189
mp-12087,0.0,0.5556417507936505
mp-1225811,0.160499999999999,0.5556417507936505
mp-1225835,0.0,0.5556417507936505
mp-1225993,1.2158,0.5556417507936505
mp-1394093,0.0,0.5556417507936505
mp-2014814,0.9229,0.5556417507936505
mp-2831205,0.0,0.5556417507936505
mp-553942,0.0,0.5556417507936505
mp-581212,0.3475,0.5556417507936505
mp-618991,0.1303,0.5556417507936505
mp-674831,0.0,0.5556417507936505
mp-685126,0.0,0.5646005392857141
mp-1225731,0.0,0.6568942440476186
mp-624299,0.0,0.591888419047619
mp-685056,0.0,0.9331501388888889
mp-542333,0.0,0.5873958904761903
mp-684710,0.0,0.5873958904761903
mp-685108,0.0,0.5873958904761903
mp-1023128,0.0,0.7792179499999996
mp-1096941,0.0,0.7792179499999996
mp-504,0.0,0.7792179499999996
mp-555599,0.0,0.7792179499999996
mp-558139,0.0,0.7792179499999996
mp-760381,0.0,0.7792179499999996
mp-1068,0.0,0.9768594833333331
mp-1147712,0.0,0.9768594833333331
mp-684604,0.0,0.9768594833333331
mp-849086,0.0,0.9768594833333331
mp-850099,0.0,0.9768594833333331
mp-32857,0.0,0.7679746716673687
mp-684605,0.0,0.7614906716673686
mp-684970,0.0,0.7606977966673686
mp-684923,0.0,0.7683041535714284
mp-684606,0.0,0.8350422954768927
mp-685189,0.0,0.8052212954768926
mp-1021499,0.0,0.7520249670634918
mp-1097707,0.076299999999999,0.7520249670634918
mp-1225805,0.0,0.7520249670634918
mp-16366,0.0,0.7520249670634918
mp-22297,0.0,0.7520249670634918
mp-684525,0.0,0.7520249670634918
mp-684653,0.0,0.7520249670634918
mp-20683,0.0,0.8234355954768927
mp-1225796,0.0,0.8227572954768927
mp-1173070,0.0,0.7736311133340353
mp-673655,0.0,0.7736311133340353
mp-685107,0.0,0.7736311133340353
mp-673255,0.0,0.8096128121435596
mp-936248,0.0,0.8096128121435596
mp-488,0.0,0.8635520954768928
mp-568998,0.0,0.8635520954768928
mp-571486,0.0,0.8635520954768928
mp-580226,0.0,0.8635520954768928
mp-582060,0.0,0.8635520954768928
mp-2000,0.0,0.7055908388888885
mp-2280,0.0,0.7055908388888885
mp-1861,0.0,0.7293001166666664
mp-1183984,0.0,0.7777288357142855
mp-1225676,0.0,0.7711091416666664
mp-624307,0.0,0.7158659916666664
mp-1181516,0.0,0.7023106749999998
mp-1238498,0.0,0.7023106749999998
mp-1978391,0.0,0.7023106749999998
mp-20826,0.0,0.7023106749999998
mp-623012,0.0,0.7023106749999998
mp-1103235,0.0,0.4765363861961705
mp-1207193,0.0,0.4765363861961705
mp-1095694,0.0,0.5190010916666664
mp-1102900,1.183999999999999,0.5190010916666664
mp-1229090,0.0,0.5190010916666664
mp-1393712,1.2299,0.5190010916666664
mp-1537871,0.9741999999999992,0.5190010916666664
mp-2018369,1.5694,0.5190010916666664
mp-2025704,1.0891,0.5190010916666664
mp-2212763,0.6818999999999991,0.5190010916666664
mp-2766207,0.6684999999999991,0.5190010916666664
mp-31053,1.3634,0.5190010916666664
mp-32669,1.3001,0.5190010916666664
mp-32791,0.0,0.5190010916666664
mp-32868,0.6242999999999991,0.5190010916666664
mp-32884,1.442799999999999,0.5190010916666664
mp-36216,1.0895,0.5190010916666664
mp-38511,0.1202,0.5190010916666664
mp-556225,1.0853,0.5190010916666664
mp-560025,0.370099999999999,0.5190010916666664
mp-610517,1.000699999999999,0.5190010916666664
mp-1183254,0.0,0.637785408333333
mp-28963,0.0,0.6737949416666663
mp-1183005,1.7115,0.7381760888888887
mp-1229100,0.0908,0.7381760888888887
mp-1247874,0.0277,0.7381760888888887
mp-2022604,0.191699999999999,0.7381760888888887
mp-2047939,0.0,0.7381760888888887
mp-2275442,0.0,0.7381760888888887
mp-32758,0.0,0.7381760888888887
mp-568889,0.0,0.7381760888888887
mp-568936,0.0,0.7381760888888887
mp-568971,0.9678,0.7381760888888887
mp-754954,0.138399999999999,0.7381760888888887
mp-1183249,0.0,0.735520628174603
mp-379,0.0,0.8884344166666667
mp-1101086,0.0,0.9452490648268398
mp-1229101,0.0,0.6285527928571427
mp-1247858,0.065199999999999,0.6285527928571427
mp-1592,0.0,0.6285527928571427
mp-32811,0.0,0.6285527928571427
mp-684798,0.0,0.6285527928571427
mp-685048,0.0,0.6285527928571427
mp-28228,0.0,0.6389907928571427
mp-568761,0.2411,0.6526798678571427
mp-1229041,0.0,0.5672036821428569
mp-28246,0.0,0.5672036821428569
mp-947,1.9091,0.7195845940476185
mp-984597,0.0,0.797185134523809
mp-984598,0.0,0.9280330404761891
mp-1214753,0.0,0.964831948015873
mp-10678,0.0,1.1154224636446877
mp-2793,0.262799999999999,1.1154224636446877
mp-570325,0.0,1.1154224636446877
mp-1662,0.0,0.5776474429487176
mp-20123,0.0,0.5776474429487176
mp-2022276,0.0,0.5776474429487176
mp-567525,0.0,0.5776474429487176
mp-571547,0.0,0.5776474429487176
mp-1217358,0.0,0.5923032583333331
mp-645449,0.0,0.5717776929487176
mp-10281,2.0471,1.9981570571541338
mp-10695,2.0192,1.9981570571541338
mp-1196782,1.986399999999999,1.9981570571541338
mp-1198139,1.9919,1.9981570571541338
mp-1199343,2.0023,1.9981570571541338
mp-1200568,1.9998999999999991,1.9981570571541338
mp-1200836,1.9881,1.9981570571541338
mp-1201158,2.0046,1.9981570571541338
mp-1201781,1.9874,1.9981570571541338
mp-1202023,2.0011,1.9981570571541338
mp-1202182,1.992999999999999,1.9981570571541338
mp-1202959,1.992499999999999,1.9981570571541338
mp-1244890,0.9376,1.9981570571541338
mp-1244921,1.0285,1.9981570571541338
mp-1244922,0.6826000000000001,1.9981570571541338
mp-1244936,1.2177,1.9981570571541338
mp-1244969,0.1129,1.9981570571541338
mp-1244974,0.9256,1.9981570571541338
mp-1244979,0.8320999999999991,1.9981570571541338
mp-1244980,1.4016,1.9981570571541338
mp-1244986,1.4278,1.9981570571541338
mp-1244989,0.9544999999999992,1.9981570571541338
mp-1245004,0.8065000000000001,1.9981570571541338
mp-1245034,1.2473,1.9981570571541338
mp-1245035,1.2791,1.9981570571541338
mp-1245050,0.8749,1.9981570571541338
mp-1245054,0.9214,1.9981570571541338
mp-1245062,1.2026,1.9981570571541338
mp-1245068,0.8571000000000001,1.9981570571541338
mp-1245070,1.3621,1.9981570571541338
mp-1245082,0.8792000000000001,1.9981570571541338
mp-1245117,0.342299999999999,1.9981570571541338
mp-1245121,1.0069,1.9981570571541338
mp-1245122,1.273699999999999,1.9981570571541338
mp-1245136,1.0437,1.9981570571541338
mp-1245169,0.9117999999999992,1.9981570571541338
mp-1245194,1.2387,1.9981570571541338
mp-1245197,0.8638,1.9981570571541338
mp-1245199,1.253299999999999,1.9981570571541338
mp-1245201,0.8819999999999991,1.9981570571541338
mp-1245213,0.8508000000000001,1.9981570571541338
mp-1245216,0.8635,1.9981570571541338
mp-1245220,1.0574,1.9981570571541338
mp-1245222,0.476,1.9981570571541338
mp-1245236,0.8346,1.9981570571541338
mp-1245238,1.2996,1.9981570571541338
mp-1245246,1.0438,1.9981570571541338
mp-1245248,0.793199999999999,1.9981570571541338
mp-1245280,1.1832,1.9981570571541338
mp-1245296,0.823399999999999,1.9981570571541338
mp-1245300,1.144199999999999,1.9981570571541338
mp-1245310,0.585,1.9981570571541338
mp-1245316,0.6392,1.9981570571541338
mp-1245317,1.170599999999999,1.9981570571541338
mp-1245319,1.4226,1.9981570571541338
mp-13456,2.0416,1.9981570571541338
mp-18377,2.0462,1.9981570571541338
mp-543011,2.0396,1.9981570571541338
mp-553880,2.0298,1.9981570571541338
mp-553916,2.0251,1.9981570571541338
mp-554004,2.0279,1.9981570571541338
mp-554115,2.0169,1.9981570571541338
mp-554253,1.9769,1.9981570571541338
mp-554405,2.0715,1.9981570571541338
mp-554503,2.0191,1.9981570571541338
mp-554608,2.015,1.9981570571541338
mp-554630,1.9824,1.9981570571541338
mp-554681,2.0164,1.9981570571541338
mp-554713,2.034,1.9981570571541338
mp-554820,2.0195,1.9981570571541338
mp-554829,2.0216,1.9981570571541338
mp-554889,2.0385,1.9981570571541338
mp-554961,2.018,1.9981570571541338
mp-554986,2.0291,1.9981570571541338
mp-554999,2.0197,1.9981570571541338
mp-555079,2.018799999999999,1.9981570571541338
mp-555151,2.0233,1.9981570571541338
mp-555214,1.596,1.9981570571541338
mp-555280,2.0347,1.9981570571541338
mp-555311,2.0305,1.9981570571541338
mp-555381,2.0142,1.9981570571541338
mp-555410,2.064,1.9981570571541338
mp-555543,2.025,1.9981570571541338
mp-555583,2.03,1.9981570571541338
mp-555594,2.0252,1.9981570571541338
mp-555628,2.036,1.9981570571541338
mp-555664,2.0194,1.9981570571541338
mp-555666,1.858099999999999,1.9981570571541338
mp-555763,2.0639,1.9981570571541338
mp-555773,2.0281,1.9981570571541338
mp-555779,2.0195,1.9981570571541338
mp-555782,1.9917,1.9981570571541338
mp-555858,2.0194,1.9981570571541338
mp-556000,2.0254,1.9981570571541338
mp-556005,2.0389,1.9981570571541338
mp-556105,2.010799999999999,1.9981570571541338
mp-556152,2.0263,1.9981570571541338
mp-556155,2.0223,1.9981570571541338
mp-556161,1.4296,1.9981570571541338
mp-556207,2.0276,1.9981570571541338
mp-556280,2.0238,1.9981570571541338
mp-556363,2.0282,1.9981570571541338
mp-556392,2.0369,1.9981570571541338
mp-556395,1.9563,1.9981570571541338
mp-556448,2.015799999999999,1.9981570571541338
mp-556468,2.032899999999999,1.9981570571541338
mp-556485,0.0,1.9981570571541338
mp-556543,2.0163,1.9981570571541338
mp-556576,2.0892,1.9981570571541338
mp-556716,1.213299999999999,1.9981570571541338
mp-556732,2.0239,1.9981570571541338
mp-556775,2.0399,1.9981570571541338
mp-556784,1.992,1.9981570571541338
mp-556815,2.0421,1.9981570571541338
mp-556950,2.032299999999999,1.9981570571541338
mp-556989,2.0305,1.9981570571541338
mp-557009,2.0302,1.9981570571541338
mp-557026,2.023,1.9981570571541338
mp-557054,1.689499999999999,1.9981570571541338
mp-557058,0.0,1.9981570571541338
mp-557062,2.0301,1.9981570571541338
mp-557151,2.0574,1.9981570571541338
mp-557175,2.027199999999999,1.9981570571541338
mp-557308,2.0245,1.9981570571541338
mp-557346,2.0258,1.9981570571541338
mp-557418,2.018199999999999,1.9981570571541338
mp-560588,2.0701,1.9981570571541338
mp-560725,2.0215,1.9981570571541338
mp-561118,2.0338,1.9981570571541338
mp-561196,2.0271,1.9981570571541338
mp-561258,2.0288,1.9981570571541338
mp-561286,2.0218,1.9981570571541338
mp-581258,2.0381,1.9981570571541338
mp-581405,1.8885,1.9981570571541338
mp-581412,2.0264,1.9981570571541338
mp-581425,2.018399999999999,1.9981570571541338
mp-581476,2.0243,1.9981570571541338
mp-581601,2.0265,1.9981570571541338
mp-581602,2.0385,1.9981570571541338
mp-582680,1.9845,1.9981570571541338
mp-608468,1.9806,1.9981570571541338
mp-647075,1.9988,1.9981570571541338
mp-680085,2.0155,1.9981570571541338
mp-680087,2.0198,1.9981570571541338
mp-9946,2.0368,1.9981570571541338
mp-1102743,1.4156,1.590571422294373
mp-1187912,0.0,1.1287584187629403
mp-982778,0.0,1.1287584187629403
mp-1190,1.1663,1.0902199590243553
mp-380,1.2004,1.0902199590243553
mp-569679,1.9671,1.0902199590243553
mp-1102515,0.7291999999999991,1.1267172166666675
mp-1071319,0.2949,0.6884609873786407
mp-2176,1.073299999999999,0.6884609873786407
mp-541441,0.0,0.6884609873786407
mp-571195,1.069,0.6884609873786407
mp-8884,1.100299999999999,0.6884609873786407
mp-9281,0.320599999999999,0.6884609873786407
mp-948,0.0,0.6884609873786407
mp-1206914,0.0,0.7508447490231985
mp-1120762,0.623899999999999,0.6669479875
mp-1021511,1.5192,0.6553258713924965
mp-1181862,0.2766,0.6553258713924965
mp-2469,1.0492,0.6553258713924965
mp-2771569,1.4908,0.6553258713924965
mp-370,0.2793,0.6553258713924965
mp-672,1.125,0.6553258713924965
mp-1095440,1.1625,1.1330309333333322
mp-1183665,0.0,1.0278356041666667
mp-1232349,0.4522,1.0684890197552452
mp-2901401,0.8668,1.0684890197552452
mp-1055,0.0,1.0087661948609818
mp-1070,0.5724,1.0087661948609818
mp-2691,0.5096,1.0087661948609818
mp-1095493,0.6141999999999991,1.0966354038461539
mp-1183651,0.0,0.8131140041666665
mp-1008471,0.0,0.6813691777614139
mp-1066480,0.0,0.6813691777614139
mp-1226722,0.0,0.6813691777614139
mp-12581,0.0,0.6813691777614139
mp-12779,0.618599999999999,0.6813691777614139
mp-1492,0.0215,0.6813691777614139
mp-2388,0.0,0.6813691777614139
mp-2872104,0.024999999999999,0.6813691777614139
mp-406,0.5846,0.6813691777614139
mp-685146,0.6234000000000001,0.6813691777614139
mp-10764,0.0,1.368990122222222
mp-1123,0.0,1.368990122222222
mp-634,1.7077,1.368990122222222
mp-9252,1.6863,1.368990122222222
mp-973676,0.0,1.368990122222222
mp-1106367,1.047499999999999,1.7232544595238084
mp-1018722,1.0432,1.3109548253968253
mp-820,0.0,1.3109548253968253
mp-957,0.0,1.3109548253968253
mp-1071269,0.2789,1.0164109957875451
mp-1223902,0.0,1.0164109957875451
mp-13141,0.0,1.0164109957875451
mp-1507,0.0,1.0164109957875451
mp-1811,0.0,1.0164109957875451
mp-2730,0.0,1.0164109957875451
mp-358,0.480199999999999,1.0164109957875451
mp-558229,0.442199999999999,1.6498043333333325
mp-32906,1.9531,1.5432815999999994
mp-7475,1.0358,1.5432815999999994
mp-567,0.0,1.5399909333333328
mp-1223154,0.0,1.6425720444444436
mp-1223399,0.0,1.533972933333333
mp-1223103,0.0,1.5656155999999997
mp-32640,0.0,1.5656155999999997
mp-1008998,0.0,1.4310263333333324
mp-1068462,0.6296,1.4310263333333324
mp-20215,0.0,1.4310263333333324
mp-2350,0.0,1.4310263333333324
mp-557579,0.0,1.4310263333333324
mp-1018751,0.0,1.6382573333333328
mp-1103658,0.6101999999999991,1.6382573333333328
mp-1190691,0.6423000000000001,1.6382573333333328
mp-1508,0.6312999999999991,1.6382573333333328
mp-8866,0.772,1.1712089563725494
mp-32798,1.58,1.1573467563725492
mp-684726,0.0,1.170715729099822
mp-491,0.0,1.206815579099822
mp-1008999,0.0,1.2326385449494948
mp-1065583,0.0,1.2326385449494948
mp-1161,0.0,1.2326385449494948
mp-642890,0.0,1.2326385449494948
mp-1019091,0.0,1.190355873039216
mp-28223,1.317999999999999,1.190355873039216
mp-570668,0.238699999999999,1.190355873039216
mp-1185605,0.0,1.1565606250000005
mp-32755,1.0395,1.021061567857143
mp-1104212,0.0,0.8806746999999997
mp-879,0.0,0.9961299428571432
mp-1009008,0.0,1.1059269416666666
mp-1560,0.0,1.1059269416666666
mp-1205384,0.0,0.9852558666666666
mp-1329,0.0,0.9852558666666666
mp-1342078,0.0,0.9852558666666666
mp-2750118,0.061699999999999,0.9852558666666666
mp-571576,0.0,0.9852558666666666
mp-987595,0.0,0.9852558666666666
mp-1025418,0.0,0.8254168833333329
mp-1078612,0.0,0.8254168833333329
mp-645688,0.0,1.0875081666666664
mp-20973,0.0,1.133189933333333
mp-32629,0.0,1.133189933333333
mp-1382,0.0,1.1272752666666663
mp-1226916,0.0,1.1446129333333332
mp-1006886,0.0,1.0477044999999996
mp-1096,0.0,1.0477044999999996
mp-20560,0.0,1.0477044999999996
mp-1018663,0.0,1.0959771666666662
mp-13567,0.0,1.0959771666666662
mp-20594,0.0,1.0959771666666662
mp-1183858,0.0,0.8729371999999996
mp-652044,0.0,0.9782523750000003
mp-32578,0.0,0.9036451477272729
mp-567370,0.0,0.9196554810606064
mp-1008650,0.0,0.8923944616161618
mp-2563,0.0,0.8923944616161618
mp-1011374,0.125099999999999,0.9814043750000002
mp-1011375,0.0,0.9814043750000002
mp-1011376,0.0,0.9814043750000002
mp-1011377,0.0,0.9814043750000002
mp-1018665,0.0,0.9814043750000002
mp-1021484,0.0246,0.9814043750000002
mp-1022717,0.2917,0.9814043750000002
mp-1040452,0.4911,0.9814043750000002
mp-1080248,0.6711,0.9814043750000002
mp-1080249,0.996,0.9814043750000002
mp-1080250,0.696199999999999,0.9814043750000002
mp-1080251,0.783199999999999,0.9814043750000002
mp-1080252,0.0,0.9814043750000002
mp-1080255,0.976599999999999,0.9814043750000002
mp-1080256,0.977,0.9814043750000002
mp-1080257,0.8553000000000001,0.9814043750000002
mp-1080259,0.159499999999999,0.9814043750000002
mp-1080260,0.4827,0.9814043750000002
mp-1080261,0.9878,0.9814043750000002
mp-1080262,0.9448,0.9814043750000002
mp-1080263,0.129899999999999,0.9814043750000002
mp-1080264,0.3073,0.9814043750000002
mp-1080265,0.9642,0.9814043750000002
mp-1080266,0.9660999999999992,0.9814043750000002
mp-1080267,0.9767,0.9814043750000002
mp-1080268,0.169599999999999,0.9814043750000002
mp-1080269,0.9898,0.9814043750000002
mp-1080270,0.7775000000000001,0.9814043750000002
mp-1080272,1.0008,0.9814043750000002
mp-1080273,1.0082,0.9814043750000002
mp-1080274,1.1492,0.9814043750000002
mp-1080275,0.066999999999999,0.9814043750000002
mp-1080277,0.971499999999999,0.9814043750000002
mp-1080278,0.620799999999999,0.9814043750000002
mp-1080279,0.4972,0.9814043750000002
mp-1080280,0.4956,0.9814043750000002
mp-1080281,1.123999999999999,0.9814043750000002
mp-1080288,0.7291999999999991,0.9814043750000002
mp-1080291,0.9638,0.9814043750000002
mp-1080292,0.6296,0.9814043750000002
mp-1080293,1.003299999999999,0.9814043750000002
mp-1080294,0.734399999999999,0.9814043750000002
mp-1080295,0.5192,0.9814043750000002
mp-1080296,0.881899999999999,0.9814043750000002
mp-1080297,0.2288,0.9814043750000002
mp-1080298,0.7925000000000001,0.9814043750000002
mp-1080299,0.3951,0.9814043750000002
mp-1080300,0.460499999999999,0.9814043750000002
mp-1080301,0.6132000000000001,0.9814043750000002
mp-1080302,0.5417000000000001,0.9814043750000002
mp-1080303,0.5051999999999991,0.9814043750000002
mp-1080304,0.8538999999999991,0.9814043750000002
mp-1080305,0.3621,0.9814043750000002
mp-1080306,0.486,0.9814043750000002
mp-1080307,0.6930000000000001,0.9814043750000002
mp-1080308,0.9095,0.9814043750000002
mp-1080309,0.179799999999999,0.9814043750000002
mp-1080310,0.0,0.9814043750000002
mp-1080311,1.0027,0.9814043750000002
mp-1080312,0.0453,0.9814043750000002
mp-1080313,0.9877,0.9814043750000002
mp-1080314,0.0,0.9814043750000002
mp-1080316,0.0,0.9814043750000002
mp-1080317,0.7756000000000001,0.9814043750000002
mp-1080319,0.0,0.9814043750000002
mp-1080320,0.270099999999999,0.9814043750000002
mp-1080321,0.6561,0.9814043750000002
mp-1080323,0.5556000000000001,0.9814043750000002
mp-1080324,0.489499999999999,0.9814043750000002
mp-1080325,0.184699999999999,0.9814043750000002
mp-1080326,1.0191,0.9814043750000002
mp-1080327,0.1737,0.9814043750000002
mp-1080328,0.6221999999999991,0.9814043750000002
mp-1080329,0.8900000000000001,0.9814043750000002
mp-1080330,0.0,0.9814043750000002
mp-1080332,0.966299999999999,0.9814043750000002
mp-1080334,0.4412,0.9814043750000002
mp-1080335,0.7992,0.9814043750000002
mp-1080337,1.0305,0.9814043750000002
mp-1080338,0.9828,0.9814043750000002
mp-1080340,0.0,0.9814043750000002
mp-1080341,0.7131999999999991,0.9814043750000002
mp-1080344,1.2294,0.9814043750000002
mp-1080345,0.254399999999999,0.9814043750000002
mp-1080346,0.7140000000000001,0.9814043750000002
mp-1080347,0.5235000000000001,0.9814043750000002
mp-1080348,0.738599999999999,0.9814043750000002
mp-1080349,0.5053000000000001,0.9814043750000002
mp-1080350,0.4606,0.9814043750000002
mp-1080351,0.9211,0.9814043750000002
mp-1080352,0.9956,0.9814043750000002
mp-1080353,0.0,0.9814043750000002
mp-1080354,0.6632,0.9814043750000002
mp-1080355,1.013699999999999,0.9814043750000002
mp-1080356,0.9567999999999992,0.9814043750000002
mp-1080357,0.492199999999999,0.9814043750000002
mp-1080358,0.0,0.9814043750000002
mp-1080359,0.5463,0.9814043750000002
mp-1080360,0.9831999999999992,0.9814043750000002
mp-1080361,0.9843,0.9814043750000002
mp-1080362,1.009,0.9814043750000002
mp-1080363,1.0444,0.9814043750000002
mp-1080364,0.7438,0.9814043750000002
mp-1080365,1.0405,0.9814043750000002
mp-1080366,0.8094,0.9814043750000002
mp-1080367,0.972,0.9814043750000002
mp-1080369,0.9726,0.9814043750000002
mp-1080370,0.9447999999999992,0.9814043750000002
mp-1080371,0.991,0.9814043750000002
mp-1080372,0.178599999999999,0.9814043750000002
mp-1080373,0.7945,0.9814043750000002
mp-1080374,0.988699999999999,0.9814043750000002
mp-1080375,0.9467,0.9814043750000002
mp-1080628,0.994499999999999,0.9814043750000002
mp-1080629,0.990699999999999,0.9814043750000002
mp-1080630,0.0842,0.9814043750000002
mp-1080631,0.9838,0.9814043750000002
mp-1080632,0.9486,0.9814043750000002
mp-1080633,0.9791,0.9814043750000002
mp-1080634,0.9593,0.9814043750000002
mp-1080635,0.9905,0.9814043750000002
mp-1080636,0.9595,0.9814043750000002
mp-1080637,0.9464999999999992,0.9814043750000002
mp-1080638,0.9861999999999992,0.9814043750000002
mp-1080639,0.6848999999999991,0.9814043750000002
mp-1080640,0.882899999999999,0.9814043750000002
mp-1080641,0.9695,0.9814043750000002
mp-1080642,0.9672,0.9814043750000002
mp-1080851,0.5363,0.9814043750000002
mp-1080852,1.0048,0.9814043750000002
mp-1080853,0.524999999999999,0.9814043750000002
mp-1080854,1.0131,0.9814043750000002
mp-1080855,0.998499999999999,0.9814043750000002
mp-1080856,0.9867,0.9814043750000002
mp-1080857,0.0,0.9814043750000002
mp-1080858,0.6966999999999991,0.9814043750000002
mp-1080859,0.7833,0.9814043750000002
mp-1080860,0.963299999999999,0.9814043750000002
mp-1080863,1.0034,0.9814043750000002
mp-1080864,0.4771,0.9814043750000002
mp-1080865,0.8360000000000001,0.9814043750000002
mp-1080866,0.8144,0.9814043750000002
mp-1080867,1.025699999999999,0.9814043750000002
mp-1084851,0.9852,0.9814043750000002
mp-1087241,0.259599999999999,0.9814043750000002
mp-1087242,0.980599999999999,0.9814043750000002
mp-1087550,1.0122,0.9814043750000002
mp-1087552,0.9563,0.9814043750000002
mp-1087553,0.9142,0.9814043750000002
mp-1087554,0.487299999999999,0.9814043750000002
mp-1087555,0.0,0.9814043750000002
mp-1094151,1.016499999999999,0.9814043750000002
mp-1094152,0.923999999999999,0.9814043750000002
mp-1094153,0.1506,0.9814043750000002
mp-1096430,0.0,0.9814043750000002
mp-1096431,0.9434,0.9814043750000002
mp-1096432,0.7847000000000001,0.9814043750000002
mp-1096791,0.9517,0.9814043750000002
mp-1098702,1.1233,0.9814043750000002
mp-1098703,0.8300000000000001,0.9814043750000002
mp-1098704,0.462099999999999,0.9814043750000002
mp-1098705,0.249299999999999,0.9814043750000002
mp-1098706,0.1541,0.9814043750000002
mp-1098707,1.0112,0.9814043750000002
mp-1098708,0.626799999999999,0.9814043750000002
mp-1099574,0.9123,0.9814043750000002
mp-1099575,0.9823,0.9814043750000002
mp-1100189,1.0109,0.9814043750000002
mp-1100266,1.0135,0.9814043750000002
mp-1237467,0.067499999999999,0.9814043750000002
mp-1237669,0.7241000000000001,0.9814043750000002
mp-1247785,1.0109,0.9814043750000002
mp-1247786,0.341599999999999,0.9814043750000002
mp-1320,0.0,0.9814043750000002
mp-1444174,0.8058000000000001,0.9814043750000002
mp-645273,0.0,0.8516640888888887
mp-1188216,0.0,0.9154931712269064
mp-32838,0.0,0.9154931712269064
mp-1104233,0.0,0.7810063388888886
mp-22422,0.0,0.8587772545602393
mp-1008752,0.0,0.8730367533697632
mp-1525,0.0,0.8730367533697632
mp-505536,0.0,0.8516640888888887
mp-571571,0.0,0.7478157722222218
mp-561375,0.1936,1.5903053666666653
mp-15179,0.7775000000000001,1.5197170999999992
mp-32692,1.9475,1.5197170999999992
mp-1449,0.0,1.473084766666666
mp-1219856,0.0,1.622440433333332
mp-1220037,0.0,1.573012699999999
mp-2495,0.0,1.2638772575757578
mp-12117,0.0,1.588108366666665
mp-17329,0.322899999999999,1.588108366666665
mp-555096,0.346299999999999,1.588108366666665
mp-975653,0.0,1.169324422222222
mp-14613,0.556,1.1050723750000002
mp-684619,0.0,1.0801923750000006
mp-32689,1.475099999999999,1.1133450416666673
mp-722,0.0,1.084946149242425
mp-1674,0.0,1.0648238242424248
mp-1018940,0.0,1.1084510416666669
mp-1190410,0.0,1.1084510416666669
mp-570205,0.0,1.1084510416666669
mp-32581,0.9258999999999992,1.0230958988095238
mp-1104180,0.0,0.9556128166666663
mp-2127,0.0,0.9610629821428569
mp-2532,0.0,0.9813015476190473
mp-7131,0.0,0.9813015476190473
mp-975652,0.0,1.0409180666666662
mp-12351,0.0,0.9258009499999994
mp-560786,0.199999999999999,1.6125618666666657
mp-32586,1.835999999999999,1.4444452666666654
mp-438,0.759599999999999,1.4444452666666654
mp-2656,0.0,1.4721039333333328
mp-1209822,0.0,1.6123945999999987
mp-1220205,0.0,1.1677207640692642
mp-1220218,0.0,1.554261599999999
mp-1220359,0.0,1.5905681999999992
mp-1748,0.0,1.161232424242424
mp-13568,0.3379,1.594198866666666
mp-2537,0.0,1.594198866666666
mp-7698,0.0,1.594198866666666
mp-976249,0.0,1.088335088888889
mp-14650,0.5381,1.0836200416666668
mp-673692,0.057299999999999,1.0836200416666668
mp-32688,1.4781,1.0734167083333337
mp-568098,0.0,1.084933891666667
mp-1453,0.0,1.0619717575757581
mp-1018817,0.0,1.0954410416666667
mp-570707,0.0,1.0954410416666667
mp-16380,0.0,0.8797229011904756
mp-1119,0.0,0.8150914499999996
mp-2204,0.0,0.8710124011904758
mp-1220206,0.0,0.883765634523809
mp-1220048,0.0,0.9406326333333329
mp-570,0.0,0.9406326333333329
mp-2550,0.0,0.9086640333333326
mp-740,0.0,0.8174231642857137
mp-863259,2.4211,1.398193433333333
mp-1232235,0.0,1.1539446666666664
mp-1232239,0.0,1.1539446666666664
mp-1232267,0.0,1.5068781333333328
mp-1232271,0.0,1.5068781333333328
mp-1232276,0.4328,1.5068781333333328
mp-1186638,0.0,0.9601050888888891
mp-1232181,0.4855,1.0494449083333337
mp-1232184,1.619199999999999,1.0494449083333337
mp-1232234,0.0,1.016604566666667
mp-1232236,0.0,1.016604566666667
mp-1232216,0.0,1.1137562416666666
mp-1232221,0.0,1.1137562416666666
mp-1186629,0.0,1.0164678749999994
mp-10534,0.7469999999999991,1.5128065333333327
mp-1403,0.7441,1.3898630999999997
mp-32645,1.807599999999999,1.3898630999999997
mp-684860,0.0,1.3028717666666663
mp-2038,0.0,1.2762505999999996
mp-673636,0.0,1.2762505999999996
mp-1269,0.0,1.100963
mp-1879,0.0,1.100963
mp-1232269,0.0,1.4891731333333333
mp-1232273,0.0,1.4891731333333333
mp-1232280,0.5285000000000001,1.4891731333333333
mp-29832,0.5225999999999991,1.1732695749999997
mp-15081,0.373699999999999,1.0966857416666667
mp-32594,1.5046,1.0966857416666667
mp-1344,0.0,1.0940073250000002
mp-684959,0.0,1.1467189083333333
mp-10643,0.0,1.1155434142857144
mp-1447,0.0,1.1155434142857144
mp-1019253,0.0,1.1750255749999996
mp-1106376,0.5334000000000001,0.8815695392857138
mp-684911,0.9629999999999992,0.8815695392857138
mp-1104531,0.0,0.813608271428571
mp-571144,0.0,0.8718020392857138
mp-10652,0.0,0.9762772583333327
mp-342,0.0,0.9762772583333327
mp-1019266,0.0,0.9001907238095231
mp-9399,0.0,0.757318871428571
mp-1106110,0.0,1.2958819909090906
mp-1184541,0.0,1.1773667969696973
mp-1103738,0.0,1.213424666666666
mp-1002210,0.0,1.0926849238095238
mp-1072244,0.0,1.0926849238095238
mp-20587,0.0,1.0926849238095238
mp-1232117,0.0,1.4935476333333333
mp-1232155,0.0,1.4935476333333333
mp-1232178,0.0,1.4935476333333333
mp-1184315,0.0,1.0681996888888887
mp-1189540,0.0,1.088238723051948
mp-1008928,0.0,1.0932594
mp-21009,0.0,1.0932594
mp-1232230,0.0,1.150886675
mp-1184385,0.0,0.8773331023809522
mp-19736,0.0,0.9459236916666661
mp-542583,0.0,0.9459236916666661
mp-646008,0.445,1.332757866666666
mp-608146,0.4598,1.2447905999999995
mp-669509,0.5267000000000001,1.2447905999999995
mp-684712,1.1643,1.2447905999999995
mp-20036,0.0,1.1486552666666663
mp-510402,0.0,1.0860729999999998
mp-1018706,0.0,1.3444498666666658
mp-1077072,0.0,1.3444498666666658
mp-1095479,0.1922,1.3444498666666658
mp-1188175,0.449,1.0172461166666664
mp-672292,0.0,1.0079977833333333
mp-510404,0.0,0.9963130888888887
mp-1018707,0.0,1.0083567416666666
mp-1105966,0.056499999999999,0.6667009021464644
mp-1184509,0.0,0.7545128162698408
mp-574283,0.0,0.7545128162698408
mp-1076964,0.0,0.6363728176226549
mp-530036,0.0,1.1627615761904762
mp-1205297,0.7330999999999991,1.204760576190476
mp-673644,1.8720999999999992,1.204760576190476
mp-9323,0.579299999999999,1.204760576190476
mp-1187302,0.0,1.1059273261904758
mp-1095641,0.0,1.1792879095238098
mp-1610,0.0,1.1745836428571428
mp-10629,0.0,1.3123273666666666
mp-1103226,0.314799999999999,1.3123273666666666
mp-7135,0.0,1.3123273666666666
mp-1208306,0.0,0.983628988888889
mp-15257,0.3411,1.080348866666667
mp-685003,1.580899999999999,1.080348866666667
mp-1187303,0.0,1.033812402380952
mp-568808,0.0,1.0658928666666667
mp-1217676,0.251599999999999,1.1394369777777775
mp-1546645,0.1278,1.1394369777777775
mp-685031,0.0871,1.1394369777777775
mp-10645,0.0,1.1489258833333336
mp-1561,0.0,1.1489258833333336
mp-2416214,0.0,1.1489258833333336
mp-1025077,0.0,1.1551329777777772
mp-1208313,0.0,1.106118707539682
mp-1105684,0.5516999999999991,0.7660341674242419
mp-1206225,0.1578,0.7660341674242419
mp-1187309,0.0,0.8178178749999995
mp-1217665,0.239999999999999,0.7771315215909087
mp-685007,0.213,0.7771315215909087
mp-1176,0.0,0.8074987357142855
mp-867290,0.0,0.8074987357142855
mp-1019324,0.0,0.7530358013528132
mp-1217469,0.0,0.7530358013528132
mp-1084847,0.0,0.7365304471861469
mp-1208342,0.0,0.7365304471861469
mp-531574,0.0,1.1492085761904762
mp-1270,0.593799999999999,1.1884325761904762
mp-32826,1.9090999999999991,1.1884325761904762
mp-8850,0.7389000000000001,1.1884325761904762
mp-556095,0.0,1.1690677428571428
mp-1103125,0.0,1.1527589095238098
mp-2470,0.0,1.1703341428571428
mp-1018675,0.0,1.3382804333333338
mp-16328,0.0,1.3382804333333338
mp-7368,0.3663,1.1059080333333335
mp-571400,0.0,1.1331185333333331
mp-32633,0.5265000000000001,1.1664168333333331
mp-7132,0.0,1.2270280499999997
mp-814,0.0,1.2270280499999997
mp-1018683,0.0,1.1160428333333328
mp-505682,0.0,0.7788551658730155
mp-1188427,0.5488000000000001,0.7826848194444439
mp-1207258,0.026699999999999,0.7826848194444439
mp-1103932,0.0,0.730066983892496
mp-1225322,0.0,0.7628862926587299
mp-2159,0.0,0.8307631801587299
mp-1018679,0.0,0.766561733892496
mp-1025482,0.0,0.7637233797258292
mp-1086673,0.0,0.7637233797258292
mp-32787,1.9342,1.1741628761904759
mp-878,1.4612999999999992,1.1741628761904759
mp-8956,0.611399999999999,1.1741628761904759
mp-978093,2.4745,1.1741628761904759
mp-1102510,0.0,1.1610722095238095
mp-1240,0.0,1.181814609523809
mp-554055,0.0,1.181814609523809
mp-1018727,0.0,1.379440433333333
mp-16378,0.0,1.379440433333333
mp-685041,1.658099999999999,1.1206643333333335
mp-9824,1.315,1.1206643333333335
mp-32833,0.5446,1.126357833333333
mp-464,0.0,1.238017983333333
mp-1018728,0.0,1.164755333333333
mp-1189209,0.530799999999999,0.7991858194444439
mp-1207280,0.092,0.7991858194444439
mp-1105026,0.0,0.745447483892496
mp-919,0.0,0.8323094468253964
mp-1018732,0.0,0.7311184414682539
mp-1025395,0.0,0.7740965463924959
mp-1078508,0.0,0.7740965463924959
mp-1106290,0.626699999999999,1.16894488095238
mp-2234,1.4691,1.16894488095238
mp-684708,1.971899999999999,1.16894488095238
mp-9092,1.1633,1.16894488095238
mp-1095508,0.0,1.1651028809523802
mp-1623,0.0,1.2178097142857134
mp-1018687,0.0,1.3555911666666665
mp-1101873,0.3512,1.3555911666666665
mp-16331,0.0,1.3555911666666665
mp-1225508,0.232499999999999,1.1191064047619046
mp-209,0.7923,1.1191064047619046
mp-32736,1.6676000000000002,1.1191064047619046
mp-2491,0.0,1.1611650093073593
mp-1077779,0.0,1.185976333333333
mp-9978,0.0,1.185976333333333
mp-14643,0.0521,0.8336164801587297
mp-1225436,0.0,0.8520774468253967
mp-1280,0.0,0.8520774468253967
mp-1018692,0.0,0.7342482675552102
mp-1078991,0.0,0.7605455463924962
mp-569701,0.0,0.7605455463924962
mp-1204382,0.5289,1.3644404333333326
mp-637631,0.0,1.1507452666666653
mp-1193566,2.4261,1.1655762666666656
mp-1193944,1.4546,1.1655762666666656
mp-14787,2.5249,1.1655762666666656
mp-18529,2.3929,1.1655762666666656
mp-2309,1.1832,1.1655762666666656
mp-32933,2.0032,1.1655762666666656
mp-974,0.655999999999999,1.1655762666666656
mp-1102847,0.0,1.158450599999999
mp-1216618,0.0,1.158450599999999
mp-18680,0.0,1.1605885999999987
mp-1766,0.0,1.2073879333333324
mp-10633,0.0,1.3456977666666663
mp-1071948,0.0,1.3456977666666663
mp-684691,0.0,1.1042777128787877
mp-1189318,1.3417,1.0916567128787877
mp-32850,1.696399999999999,1.0916567128787877
mp-2822,0.0,1.1623375712121211
mp-1072474,0.0,1.1585991333333332
mp-1188133,0.5788000000000001,0.8260651931504484
mp-1206966,0.0,0.8260651931504484
mp-1104890,0.0,0.7490478211266388
mp-10656,0.0,0.8855814468253965
mp-1094027,0.0,0.8855814468253965
mp-237,0.0,0.8855814468253965
mp-571233,0.0,0.8855814468253965
mp-1072729,0.0,0.7344954877933055
mp-1025537,0.0,0.7833381825396823
mp-1087512,0.0,0.7833381825396823
mp-3216237,2.8164,1.369468877777777
mp-3216704,2.5394,1.369468877777777
mp-1215747,0.0,1.3942940253968248
mp-1820,2.2246,1.3328914015873008
mp-1076966,0.0,1.4512142920634914
mp-16479,0.0,1.4512142920634914
mp-3216731,0.0,1.4512142920634914
mp-1188185,0.0,1.0218203154761902
mp-1215699,0.0,1.0940445654761903
mp-3216667,0.0,1.0461615654761902
mp-10648,2.256599999999999,1.21556769047619
mp-1077033,0.0,1.031442974953315
mp-3217104,0.1067,0.8695725487060041
mp-1779,1.4678,0.9151405094202897
mp-1180929,2.5165,1.056264433333333
mp-1188532,0.7199,1.056264433333333
mp-1193977,2.4062,1.056264433333333
mp-2826,2.5664,1.056264433333333
mp-32642,2.0514,1.056264433333333
mp-1222266,0.0,1.0177257666666661
mp-656,0.0,1.0726722999999996
mp-1018792,0.0,1.2480920404761904
mp-10195,0.0,1.2480920404761904
mp-1189125,1.3355,0.9225717333333329
mp-673650,1.792899999999999,0.9225717333333329
mp-414,0.0,1.0138855555555553
mp-1018793,0.0,0.9466942666666667
mp-569141,0.0,0.6281419416666661
mp-1189748,0.5877999999999991,0.6651174934523806
mp-1206986,0.1543,0.6651174934523806
mp-542388,0.0,0.680513336507936
mp-11584,0.0,0.7203660809523802
mp-1185504,0.0,0.7008711249999994
mp-1254,0.0,0.7008711249999994
mp-973750,0.0,0.6479104517857139
mp-1025470,0.0,0.553779789285714
mp-1080689,0.0,0.553779789285714
mp-32800,2.2962,1.3822153499999996
mp-977351,3.0275,1.3822153499999996
mp-1183234,0.0,1.078663241666666
mp-867800,0.0,1.078663241666666
mp-865558,0.0,0.7125270361111109
mp-20163,0.0,1.2618881444444439
mp-1666,1.7512999999999992,1.3286076499999993
mp-1187074,0.0,1.1124318924369743
mp-978993,0.0,1.1124318924369743
mp-1217388,0.0,1.3840937555555548
mp-503,0.0,1.1947333785103778
mp-1146,1.033599999999999,1.4207287333333327
mp-1105994,0.0,0.9184176333333331
mp-2392,0.5162,1.0285109785714284
mp-1187062,0.0,0.9337441392135635
mp-1217439,0.0,0.9961441333333333
mp-10646,0.0,0.9757612840659335
mp-2183,0.0,0.9757612840659335
mp-7951,0.6304999999999991,0.9654629333333331
mp-1079673,1.2728,1.053151078571428
mp-9521,0.0,0.6419161311147183
mp-1921,0.0,0.729984204256854
mp-1025522,0.6758999999999991,0.617059833297258
mp-862869,0.0,1.0155257717948711
mp-862857,0.0,1.0974015238095234
mp-862867,0.0,0.884477347619047
mp-862863,0.0,0.621272222222222
mp-862866,0.0,0.5289377682178926
mp-1217564,0.0,1.1785095384615378
mp-673800,0.0,1.1785095384615378
mp-1077525,0.0,1.0878959442684761
mp-22126,0.0,1.1394611051282044
mp-672690,0.0,1.1394611051282044
mp-1194185,0.0,1.166180083333333
mp-1190042,0.0,1.1377157717948712
mp-22536,0.0,1.1377157717948712
mp-21063,0.0,1.0312321942684763
mp-2423,0.0,1.0655622051282045
mp-1216920,0.0,1.2041760384615374
mp-2749854,0.0,1.2041760384615374
mp-2849,0.0,1.2041760384615374
mp-639,0.0,1.2041760384615374
mp-685066,0.0,1.2041760384615374
mp-12406,0.0,1.1185601238095235
mp-1217494,0.0,0.9525751999999997
mp-2761342,0.0,0.9525751999999997
mp-685220,0.0,0.9525751999999997
mp-600216,0.0,0.8925987
mp-20328,0.0,0.9031636999999999
mp-1189525,0.0,0.9414231999999998
mp-669684,0.0,0.9414231999999998
mp-1217188,0.0,0.9573211999999998
mp-2143,0.0,0.8399756166666664
mp-1974598,0.0,0.9676018499999998
mp-20077,0.0,0.9676018499999998
mp-684555,0.0,0.9676018499999998
mp-8591,0.0,0.9676018499999998
mp-9429,0.0,0.8721875142857138
mp-619501,0.0,0.5197935594155839
mp-684787,0.016299999999999,0.5197935594155839
mp-573810,0.0,0.5809718416305913
mp-20520,0.0,0.6119576427489172
mp-1200463,0.0,0.5401252233766228
mp-29790,0.0,0.5401252233766228
mp-20414,0.0,0.515956723376623
mp-11447,0.0,0.7031037475468971
mp-2269,0.0,0.7031037475468971
mp-21335,0.0,0.503010923376623
mp-666,0.0,0.503010923376623
mp-22231,0.0,0.6269046844877342
mp-8357,0.0,0.6269046844877342
mp-28500,0.0,0.530315928282828
mp-651772,0.0,0.530315928282828
mp-504783,0.0,1.1317031051282047
mp-1209834,0.0,1.2924246342105261
mp-982385,0.0,1.1528887479853476
mp-10109,0.0,1.122671538461538
mp-684922,0.0,0.9952416644808747
mp-1103625,0.0,0.9494721406713507
mp-1193639,0.0,0.9494721406713507
mp-2039388,0.0,1.0184776644808748
mp-570181,0.0,1.0184776644808748
mp-1197019,0.0,1.0205591644808747
mp-627,0.0,1.003892747814208
mp-1095184,0.0,0.8680421690476188
mp-1186355,0.0,0.8680421690476188
mp-1173507,0.0,0.6401386729076474
mp-568841,0.0,0.6825626729076475
mp-1830,0.0,0.7050339098484845
mp-807,0.0,0.7050339098484845
mp-1018829,0.0,0.654436278535353
mp-1025472,0.0,0.6147049452020199
mp-1078669,0.0,0.6147049452020199
mp-1186391,0.0,0.6147049452020199
mp-33239,0.0,1.3525454944444437
mp-862796,0.0,1.3525454944444437
mp-1209790,0.0,1.3986415611111107
mp-2086,0.0,1.2118713944444444
mp-639690,0.0,1.389975233333333
mp-1186803,0.0,1.1809636166666668
mp-1205450,0.0,1.1257507694444444
mp-32672,0.0035,1.1257507694444444
mp-1209671,0.0,1.1480562694444445
mp-2288,0.0,1.1678878111111113
mp-1018954,0.0,1.050852400591985
mp-684844,0.0,0.7313610186147181
mp-1556,0.0,0.8654439361111111
mp-20438,0.0,0.8654439361111111
mp-1019107,0.0,0.7965519424242414
mp-1080793,0.0,0.7135696329004325
